cell_line,periodicity_1Gy,periodicity_8Gy,ATM_IC50_uM,FWHM_dose_dependent_star,gammaH2AX_fraction_remaining_8h,oscillatory_line
UACC62,0.347,0.009,0.61,1,0.32,1
UO31,0.368,0.096,0.61,1,0.15,1
UACC257,0.343,0.022,1.08,0,0.24,1
H460,0.222,0.037,0.61,1,0.45,1
A549,0.295,0.052,1.08,1,0.17,1
U2OS,0.231,0.073,0.61,1,0.05,1
MCF7,0.044,0.145,0.18,0,0.0,1
A498,0.067,0.076,0.61,0,0.18,0
MALME3,0.004,0.03,2.01,0,0.16,0
SKMEL5,0.058,0.084,1.08,1,0.27,0
LOXIMV,0.031,0.041,0.61,0,0.28,0
HCT116,0.02,0.026,0.33,0,0.28,0
