system,mutation,kcat,KM_uM,fold_vs_WT,abs_dlog10,class,source
ABL,Y253H,19.5,19.2,2.05,0.3118,clinical,EVER all_data PMC6952392
ABL,E255V,24.8,29.0,1.726,0.2371,clinical,EVER all_data PMC6952392
ABL,T315I,46.9,28.6,3.31,0.5198,gatekeeper_excluded,EVER all_data PMC6952392
ABL,Y253C,54.4,27.7,3.964,0.5982,predicted_not_clinical,EVER all_data PMC6952392
ABL,V299M,35.7,11.1,6.492,0.8124,predicted_not_clinical,EVER all_data PMC6952392
ABL,I314V,4.78,12.8,0.754,0.1227,predicted_not_clinical,EVER all_data PMC6952392
ABL,F382Y,56.0,6.75,16.746,1.2239,predicted_not_clinical,EVER all_data PMC6952392
ABL,M318I,35.4,2.98,23.978,1.3798,predicted_not_clinical,EVER all_data PMC6952392
ABL,Y320D,119,76.1,3.156,0.4992,predicted_not_clinical,EVER all_data PMC6952392
ABL,L248M,205,35.3,11.722,1.069,predicted_not_clinical,EVER all_data PMC6952392
ABL,V299L,95.5,54.5,3.537,0.5486,predicted_not_clinical,EVER all_data PMC6952392
ABL,I315M,17.4,24.2,1.451,0.1618,clinical,EVER all_data PMC6952392
EGFR,T790M,0.137,5.9,4.644,0.6669,clinical,Yun2008 PMC2538882 Table2
EGFR,L858R/T790M,0.456,8.4,10.857,1.0357,clinical,Yun2008 PMC2538882 Table2
