sampleId,g-30,g-29,pEGFR,EGFR,pERK,group
TCGA-3L-AA1B-01,-0.3291,-0.3291,0.2911,-0.0733,-0.3291,other_mut
TCGA-4N-A93T-01,-0.8916,-0.8916,0.2915,0.1812,-0.8916,KRAS_G12
TCGA-4T-AA8H-01,-0.9537,-0.9537,0.4351,0.0709,-0.9537,KRAS_G12
TCGA-5M-AAT5-01,-0.4027,-0.4027,0.2211,-0.1248,-0.4027,KRAS_G12
TCGA-5M-AAT6-01,-0.6022,-0.6022,0.3905,-0.0851,-0.6022,KRAS_G12
TCGA-5M-AATA-01,-1.1707,-1.1707,0.2694,0.1528,-1.1707,WT
TCGA-A6-2671-01,0.0137,0.0137,0.3162,0.3553,0.0137,WT
TCGA-A6-2672-01,-0.9278,-0.9278,0.1332,0.4975,-0.9278,WT
TCGA-A6-2676-01,-1.0223,-1.0223,0.1252,0.7016,-1.0223,WT
TCGA-A6-2677-01,-0.2585,-0.2585,0.1779,0.4337,-0.2585,WT
TCGA-A6-2678-01,0.1635,0.1635,0.3269,0.3659,0.1635,WT
TCGA-A6-2680-01,-0.4557,-0.4557,0.1917,0.4852,-0.4557,WT
TCGA-A6-2681-01,0.4434,0.4434,0.1738,0.263,0.4434,KRAS_G12
TCGA-A6-2683-01,0.3698,0.3698,0.0981,0.4476,0.3698,WT
TCGA-A6-2684-01,0.2406,0.2406,0.5113,0.2687,0.2406,KRAS_G12
TCGA-A6-2685-01,0.6735,0.6735,0.6354,0.5709,0.6735,strong
TCGA-A6-2686-01,-0.6364,-0.6364,0.3851,0.4257,-0.6364,strong
TCGA-A6-3807-01,-0.339,-0.339,0.4995,0.3664,-0.339,WT
TCGA-A6-3808-01,0.8289,0.8289,0.3987,0.3696,0.8289,KRAS_G12
TCGA-A6-3809-01,-0.0966,-0.0966,0.3128,0.3989,-0.0966,strong
TCGA-A6-3810-01,0.5,0.5,0.2577,0.5222,0.5,WT
TCGA-A6-5656-01,0.1338,0.1338,0.5049,0.1418,0.1338,WT
TCGA-A6-5657-01,-0.5257,-0.5257,0.4416,-0.0438,-0.5257,KRAS_G12
TCGA-A6-5659-01,0.2944,0.2944,0.4136,-0.0343,0.2944,KRAS_G12
TCGA-A6-5660-01,-0.2612,-0.2612,0.4748,0.0942,-0.2612,WT
TCGA-A6-5661-01,-0.4442,-0.4442,0.4901,-0.0474,-0.4442,strong
TCGA-A6-5662-01,-0.0334,-0.0334,0.339,0.1894,-0.0334,KRAS_G12
TCGA-A6-5664-01,-0.8956,-0.8956,0.4504,0.0767,-0.8956,strong
TCGA-A6-5665-01,-0.8964,-0.8964,0.2931,0.3555,-0.8964,strong
TCGA-A6-5666-01,-0.41,-0.41,0.3766,0.5188,-0.41,strong
TCGA-A6-5667-01,-0.4378,-0.4378,0.2447,-0.0115,-0.4378,WT
TCGA-A6-6137-01,-0.6354,-0.6354,0.3975,-0.164,-0.6354,WT
TCGA-A6-6138-01,-0.4731,-0.4731,0.4222,0.1347,-0.4731,other_mut
TCGA-A6-6140-01,-0.063,-0.063,0.5635,0.0021,-0.063,WT
TCGA-A6-6141-01,-0.3396,-0.3396,0.3371,-0.0173,-0.3396,WT
TCGA-A6-6142-01,-0.4223,-0.4223,0.4078,-0.1186,-0.4223,WT
TCGA-A6-6648-01,-0.6907,-0.6907,0.4215,-0.0215,-0.6907,WT
TCGA-A6-6649-01,-1.1573,-1.1573,0.4044,0.3757,-1.1573,strong
TCGA-A6-6650-01,-0.115,-0.115,0.2323,0.0616,-0.115,WT
TCGA-A6-6651-01,0.4676,0.4676,0.646,0.0644,0.4676,WT
TCGA-A6-6652-01,-1.0702,-1.0702,0.3942,0.0949,-1.0702,WT
TCGA-A6-6653-01,-0.6133,-0.6133,0.305,0.0492,-0.6133,strong
TCGA-A6-6654-01,-0.8452,-0.8452,0.4861,0.1838,-0.8452,other_mut
TCGA-A6-6780-01,-0.6949,-0.6949,0.4217,-0.2431,-0.6949,WT
TCGA-A6-6781-01,-0.1438,-0.1438,1.0434,-0.0415,-0.1438,other_mut
TCGA-A6-6782-01,0.2294,0.2294,0.4371,0.1181,0.2294,WT
TCGA-A6-A566-01,-0.4012,-0.4012,0.3548,0.141,-0.4012,other_mut
TCGA-AA-3489-01,0.2451,0.2451,0.3137,0.3016,0.2451,WT
TCGA-AA-3492-01,-0.2325,-0.2325,0.3801,0.3592,-0.2325,strong
TCGA-AA-3496-01,-0.0098,-0.0098,0.1283,0.3634,-0.0098,WT
TCGA-AA-3502-01,0.4197,0.4197,0.3418,0.4809,0.4197,KRAS_G12
TCGA-AA-3506-01,-0.2139,-0.2139,0.3507,0.4337,-0.2139,other_mut
TCGA-AA-3510-01,-0.4312,-0.4312,0.4092,0.4144,-0.4312,WT
TCGA-AA-3511-01,-0.0271,-0.0271,0.6194,0.4464,-0.0271,KRAS_G12
TCGA-AA-3514-01,0.5906,0.5906,0.3314,0.2516,0.5906,WT
TCGA-AA-3517-01,-0.7893,-0.7893,0.4762,0.3797,-0.7893,WT
TCGA-AA-3519-01,-0.0985,-0.0985,0.3634,0.4638,-0.0985,WT
TCGA-AA-3520-01,0.33,0.33,0.4831,0.3851,0.33,WT
TCGA-AA-3521-01,0.1218,0.1218,0.4543,0.3966,0.1218,WT
TCGA-AA-3522-01,-0.2337,-0.2337,0.3817,0.1245,-0.2337,WT
TCGA-AA-3525-01,-0.1982,-0.1982,0.4834,0.247,-0.1982,WT
TCGA-AA-3529-01,0.188,0.188,0.4718,0.2552,0.188,WT
TCGA-AA-3530-01,-0.1741,-0.1741,0.1581,0.8081,-0.1741,KRAS_G12
TCGA-AA-3531-01,-0.1732,-0.1732,0.4202,0.4028,-0.1732,WT
TCGA-AA-3532-01,0.7928,0.7928,0.3272,0.0281,0.7928,WT
TCGA-AA-3534-01,0.0362,0.0362,0.3623,0.1228,0.0362,WT
TCGA-AA-3548-01,0.2944,0.2944,0.4,0.0588,0.2944,WT
TCGA-AA-3552-01,0.2064,0.2064,0.2545,0.1628,0.2064,WT
TCGA-AA-3553-01,-0.1934,-0.1934,0.3052,-0.0539,-0.1934,WT
TCGA-AA-3555-01,0.1316,0.1316,0.3618,0.1751,0.1316,WT
TCGA-AA-3558-01,-0.7679,-0.7679,0.7442,0.5036,-0.7679,WT
TCGA-AA-3560-01,-0.0485,-0.0485,0.3331,0.3818,-0.0485,WT
TCGA-AA-3561-01,0.3212,0.3212,0.3133,0.2022,0.3212,WT
TCGA-AA-3655-01,0.5753,0.5753,0.4418,0.1975,0.5753,KRAS_G12
TCGA-AA-3664-01,-0.573,-0.573,0.1126,0.5575,-0.573,strong
TCGA-AA-3678-01,-0.0199,-0.0199,0.4349,-0.0726,-0.0199,WT
TCGA-AA-3681-01,-0.2607,-0.2607,0.3653,-0.2185,-0.2607,other_mut
TCGA-AA-3688-01,0.1583,0.1583,0.3994,0.0062,0.1583,WT
TCGA-AA-3695-01,-0.1647,-0.1647,0.3757,0.4691,-0.1647,KRAS_G12
TCGA-AA-3696-01,-0.9416,-0.9416,0.5082,0.4469,-0.9416,KRAS_G12
TCGA-AA-3710-01,-0.4605,-0.4605,0.3741,0.2316,-0.4605,WT
TCGA-AA-3712-01,-0.6719,-0.6719,0.5397,0.2049,-0.6719,WT
TCGA-AA-3713-01,-0.3207,-0.3207,0.396,0.3773,-0.3207,strong
TCGA-AA-3715-01,-0.0194,-0.0194,0.168,0.7288,-0.0194,strong
TCGA-AA-3811-01,-0.7861,-0.7861,0.6549,2.1823,-0.7861,WT
TCGA-AA-3812-01,0.811,0.811,-0.2103,0.0795,0.811,WT
TCGA-AA-3814-01,0.319,0.319,0.2519,0.2754,0.319,KRAS_G12
TCGA-AA-3818-01,0.0053,0.0053,0.278,0.4385,0.0053,KRAS_G12
TCGA-AA-3819-01,-0.1259,-0.1259,0.2435,0.2674,-0.1259,strong
TCGA-AA-3831-01,-0.6148,-0.6148,0.3314,0.3945,-0.6148,WT
TCGA-AA-3833-01,-0.1663,-0.1663,0.3526,0.2622,-0.1663,strong
TCGA-AA-3837-01,0.3372,0.3372,0.5537,0.2238,0.3372,KRAS_G12
TCGA-AA-3841-01,0.9762,0.9762,0.4013,0.1193,0.9762,KRAS_G12
TCGA-AA-3844-01,-1.2004,-1.2004,0.4025,0.4726,-1.2004,KRAS_G12
TCGA-AA-3845-01,-0.1448,-0.1448,0.416,0.4241,-0.1448,strong
TCGA-AA-3848-01,-0.069,-0.069,0.356,0.263,-0.069,KRAS_G12
TCGA-AA-3850-01,0.1439,0.1439,0.3636,0.1378,0.1439,other_mut
TCGA-AA-3852-01,1.0089,1.0089,0.3071,0.3863,1.0089,KRAS_G12
TCGA-AA-3854-01,1.0901,1.0901,0.6658,0.444,1.0901,KRAS_G12
TCGA-AA-3856-01,0.0218,0.0218,0.2899,0.1625,0.0218,WT
TCGA-AA-3864-01,0.5076,0.5076,0.3941,0.3742,0.5076,KRAS_G12
TCGA-AA-3866-01,-0.4785,-0.4785,0.4363,0.2006,-0.4785,WT
TCGA-AA-3869-01,-0.0918,-0.0918,-0.079,-0.0358,-0.0918,WT
TCGA-AA-3872-01,1.3604,1.3604,0.722,0.4192,1.3604,WT
TCGA-AA-3930-01,-0.709,-0.709,0.2405,0.2364,-0.709,WT
TCGA-AA-3947-01,-0.9586,-0.9586,0.4299,0.1083,-0.9586,strong
TCGA-AA-3950-01,0.5104,0.5104,0.4129,-0.0717,0.5104,WT
TCGA-AA-3955-01,0.5777,0.5777,0.2751,0.0224,0.5777,WT
TCGA-AA-3968-01,-0.2077,-0.2077,0.3816,0.1458,-0.2077,WT
TCGA-AA-3971-01,-0.7035,-0.7035,0.3367,-0.0214,-0.7035,WT
TCGA-AA-3973-01,-0.368,-0.368,0.4746,-0.1979,-0.368,other_mut
TCGA-AA-3975-01,0.126,0.126,0.5002,0.3735,0.126,other_mut
TCGA-AA-3982-01,-0.523,-0.523,0.425,0.2114,-0.523,WT
TCGA-AA-3986-01,0.2832,0.2832,0.4851,0.0936,0.2832,other_mut
TCGA-AA-3989-01,0.0763,0.0763,0.3306,0.1217,0.0763,other_mut
TCGA-AA-A004-01,-0.2748,-0.2748,0.5194,0.1844,-0.2748,WT
TCGA-AA-A00A-01,-0.1839,-0.1839,0.6014,0.1636,-0.1839,WT
TCGA-AA-A00E-01,-0.1217,-0.1217,0.4439,0.0615,-0.1217,WT
TCGA-AA-A00F-01,0.4865,0.4865,0.5169,0.1693,0.4865,WT
TCGA-AA-A00J-01,0.0149,0.0149,0.6911,0.3728,0.0149,WT
TCGA-AA-A00K-01,0.8344,0.8344,0.7765,0.1357,0.8344,WT
TCGA-AA-A00L-01,0.2831,0.2831,0.8047,0.3795,0.2831,WT
TCGA-AA-A00N-01,0.8498,0.8498,0.8039,-0.0516,0.8498,other_mut
TCGA-AA-A00Q-01,-0.3595,-0.3595,0.5223,0.2334,-0.3595,WT
TCGA-AA-A00R-01,-0.3536,-0.3536,0.5194,-0.2479,-0.3536,WT
TCGA-AA-A00U-01,-0.5095,-0.5095,0.378,-0.0032,-0.5095,WT
TCGA-AA-A00W-01,-0.2356,-0.2356,0.5253,0.0943,-0.2356,WT
TCGA-AA-A00Z-01,0.5279,0.5279,0.6365,0.0023,0.5279,WT
TCGA-AA-A010-01,-0.7849,-0.7849,0.4549,0.5155,-0.7849,WT
TCGA-AA-A017-01,0.2176,0.2176,0.5666,0.2268,0.2176,WT
TCGA-AA-A01C-01,0.0297,0.0297,0.4865,-0.1231,0.0297,WT
TCGA-AA-A01D-01,-0.1945,-0.1945,0.6517,0.3675,-0.1945,WT
TCGA-AA-A01F-01,0.7995,0.7995,0.4369,0.2797,0.7995,WT
TCGA-AA-A01I-01,-0.0349,-0.0349,0.4825,0.1213,-0.0349,KRAS_G12
TCGA-AA-A01K-01,-0.1273,-0.1273,0.2804,0.1788,-0.1273,WT
TCGA-AA-A01P-01,0.3147,0.3147,0.5373,0.3707,0.3147,strong
TCGA-AA-A01Q-01,-0.1286,-0.1286,0.9406,0.1453,-0.1286,WT
TCGA-AA-A01R-01,-0.3942,-0.3942,0.5205,0.3272,-0.3942,other_mut
TCGA-AA-A01S-01,-0.2615,-0.2615,0.5944,0.1614,-0.2615,WT
TCGA-AA-A01T-01,-0.2684,-0.2684,0.7005,0.2616,-0.2684,WT
TCGA-AA-A01V-01,-0.4752,-0.4752,0.5392,0.1101,-0.4752,other_mut
TCGA-AA-A01X-01,-0.6987,-0.6987,0.6355,0.123,-0.6987,KRAS_G12
TCGA-AA-A022-01,-0.1271,-0.1271,0.4798,0.2259,-0.1271,strong
TCGA-AA-A024-01,-0.0909,-0.0909,0.5071,0.5385,-0.0909,other_mut
TCGA-AA-A029-01,0.0584,0.0584,0.4366,0.253,0.0584,WT
TCGA-AA-A02E-01,0.1137,0.1137,0.5057,0.1701,0.1137,KRAS_G12
TCGA-AA-A02F-01,0.6202,0.6202,0.3888,0.4107,0.6202,other_mut
TCGA-AA-A02H-01,-0.5526,-0.5526,0.56,0.2085,-0.5526,WT
TCGA-AA-A02J-01,0.0045,0.0045,0.5327,0.0523,0.0045,WT
TCGA-AA-A02O-01,-0.4227,-0.4227,0.5423,0.2936,-0.4227,KRAS_G12
TCGA-AA-A02R-01,-0.5952,-0.5952,0.5529,0.3335,-0.5952,strong
TCGA-AA-A02W-01,0.979,0.979,0.3553,-0.1018,0.979,KRAS_G12
TCGA-AA-A02Y-01,-0.0695,-0.0695,0.4359,0.0099,-0.0695,KRAS_G12
TCGA-AA-A03F-01,0.5627,0.5627,0.5336,-0.3463,0.5627,KRAS_G12
TCGA-AA-A03J-01,-0.5055,-0.5055,0.5256,-0.0937,-0.5055,KRAS_G12
TCGA-AD-5900-01,0.9541,0.9541,0.4578,0.1192,0.9541,strong
TCGA-AD-6548-01,-0.552,-0.552,0.367,-0.1743,-0.552,other_mut
TCGA-AD-6889-01,-0.9632,-0.9632,0.4026,0.7581,-0.9632,strong
TCGA-AD-6899-01,-0.7899,-0.7899,0.6655,0.3183,-0.7899,WT
TCGA-AD-6965-01,0.3643,0.3643,0.0163,-0.0476,0.3643,KRAS_G12
TCGA-AD-A5EJ-01,-0.3569,-0.3569,0.3599,0.1014,-0.3569,strong
TCGA-AF-2689-01,-1.2442,-1.2442,0.137,0.5336,-1.2442,WT
TCGA-AF-2690-01,0.9749,0.9749,0.5185,0.7953,0.9749,WT
TCGA-AF-3400-01,0.3815,0.3815,0.7312,0.3633,0.3815,WT
TCGA-AF-5654-01,-0.9747,-0.9747,0.472,0.2082,-0.9747,other_mut
TCGA-AF-6136-01,-1.0317,-1.0317,0.5941,0.6078,-1.0317,strong
TCGA-AF-6655-01,0.0299,0.0299,0.2513,-0.0607,0.0299,other_mut
TCGA-AF-6672-01,-0.5978,-0.5978,0.5197,0.1809,-0.5978,KRAS_G12
TCGA-AF-A56N-01,-0.5293,-0.5293,0.4405,-0.0584,-0.5293,other_mut
TCGA-AG-3574-01,0.1783,0.1783,0.3836,0.4007,0.1783,WT
TCGA-AG-3578-01,0.1482,0.1482,0.367,0.1368,0.1482,WT
TCGA-AG-3580-01,-0.4865,-0.4865,0.4377,0.0599,-0.4865,WT
TCGA-AG-3581-01,0.3556,0.3556,0.5068,0.0484,0.3556,WT
TCGA-AG-3582-01,0.7131,0.7131,0.4042,0.279,0.7131,WT
TCGA-AG-3583-01,-0.981,-0.981,0.6151,0.33,-0.981,WT
TCGA-AG-3584-01,-0.655,-0.655,0.3697,0.5606,-0.655,WT
TCGA-AG-3586-01,-0.5859,-0.5859,0.4416,0.4358,-0.5859,WT
TCGA-AG-3587-01,0.2387,0.2387,0.2925,0.2565,0.2387,WT
TCGA-AG-3591-01,-0.7211,-0.7211,0.3617,0.1367,-0.7211,KRAS_G12
TCGA-AG-3593-01,-0.5988,-0.5988,0.4544,0.1642,-0.5988,WT
TCGA-AG-3594-01,0.0548,0.0548,0.4346,0.4883,0.0548,WT
TCGA-AG-3598-01,-0.7703,-0.7703,0.5905,0.3868,-0.7703,WT
TCGA-AG-3599-01,0.2068,0.2068,0.3786,0.2892,0.2068,WT
TCGA-AG-3600-01,-0.4531,-0.4531,0.4727,0.6701,-0.4531,WT
TCGA-AG-3601-01,-0.1756,-0.1756,0.4945,0.2744,-0.1756,WT
TCGA-AG-3602-01,0.1393,0.1393,0.3467,0.4195,0.1393,WT
TCGA-AG-3605-01,-0.2321,-0.2321,0.5127,0.1081,-0.2321,WT
TCGA-AG-3609-01,-0.1169,-0.1169,0.3803,0.2036,-0.1169,WT
TCGA-AG-3725-01,0.7713,0.7713,0.2975,0.3806,0.7713,other_mut
TCGA-AG-3727-01,-0.654,-0.654,0.3533,-0.0824,-0.654,other_mut
TCGA-AG-3731-01,0.0206,0.0206,0.4552,0.2009,0.0206,KRAS_G12
TCGA-AG-3742-01,-0.0357,-0.0357,0.3625,-0.0443,-0.0357,strong
TCGA-AG-3878-01,0.6145,0.6145,0.2742,0.3233,0.6145,KRAS_G12
TCGA-AG-3881-01,-0.5226,-0.5226,0.3369,0.0858,-0.5226,strong
TCGA-AG-3882-01,0.2874,0.2874,0.4147,0.1976,0.2874,WT
TCGA-AG-3885-01,0.2619,0.2619,0.298,0.5011,0.2619,other_mut
TCGA-AG-3893-01,0.3453,0.3453,0.6737,0.6787,0.3453,WT
TCGA-AG-3896-01,-0.2815,-0.2815,0.4557,0.1717,-0.2815,KRAS_G12
TCGA-AG-3898-01,0.3594,0.3594,0.392,-0.209,0.3594,WT
TCGA-AG-3901-01,0.7226,0.7226,0.4568,-0.0435,0.7226,other_mut
TCGA-AG-3902-01,-0.4308,-0.4308,0.5354,0.1755,-0.4308,other_mut
TCGA-AG-4001-01,-0.366,-0.366,0.3342,0.2317,-0.366,WT
TCGA-AG-4005-01,0.7523,0.7523,0.4323,-0.0512,0.7523,WT
TCGA-AG-4007-01,-0.4117,-0.4117,0.4098,0.4412,-0.4117,WT
TCGA-AG-4008-01,0.0386,0.0386,0.3973,0.026,0.0386,KRAS_G12
TCGA-AG-4015-01,0.1404,0.1404,0.3398,-0.206,0.1404,WT
TCGA-AG-4021-01,-0.6182,-0.6182,0.4191,0.2489,-0.6182,KRAS_G12
TCGA-AG-4022-01,1.2138,1.2138,0.5117,0.3427,1.2138,other_mut
TCGA-AG-A002-01,-0.736,-0.736,0.3245,-0.0886,-0.736,other_mut
TCGA-AG-A008-01,0.4157,0.4157,0.4864,0.0449,0.4157,KRAS_G12
TCGA-AG-A00C-01,-0.845,-0.845,0.4392,-0.0867,-0.845,KRAS_G12
TCGA-AG-A00Y-01,0.3898,0.3898,0.4828,-0.1719,0.3898,KRAS_G12
TCGA-AG-A011-01,0.3678,0.3678,0.5467,0.0737,0.3678,WT
TCGA-AG-A015-01,-0.7463,-0.7463,0.3108,0.223,-0.7463,KRAS_G12
TCGA-AG-A016-01,-0.6706,-0.6706,0.4744,0.0579,-0.6706,WT
TCGA-AG-A01J-01,0.4529,0.4529,0.4814,-0.2519,0.4529,WT
TCGA-AG-A01N-01,-0.2271,-0.2271,0.7755,-0.0717,-0.2271,WT
TCGA-AG-A01W-01,-0.6461,-0.6461,0.4814,-0.0947,-0.6461,other_mut
TCGA-AG-A01Y-01,0.5178,0.5178,0.6571,-0.1644,0.5178,WT
TCGA-AG-A020-01,-0.2927,-0.2927,0.4693,-0.1367,-0.2927,KRAS_G12
TCGA-AG-A026-01,-0.2674,-0.2674,0.4353,0.0057,-0.2674,WT
TCGA-AG-A02G-01,-0.5309,-0.5309,0.4629,-0.1717,-0.5309,WT
TCGA-AG-A02N-01,-0.0667,-0.0667,0.5013,0.0544,-0.0667,other_mut
TCGA-AG-A02X-01,0.5832,0.5832,0.57,-0.084,0.5832,strong
TCGA-AH-6544-01,-0.6436,-0.6436,0.3418,0.471,-0.6436,KRAS_G12
TCGA-AH-6547-01,0.063,0.063,0.3415,0.1667,0.063,WT
TCGA-AH-6643-01,0.0298,0.0298,0.4498,-0.0615,0.0298,WT
TCGA-AH-6644-01,0.3744,0.3744,0.4495,-0.2204,0.3744,KRAS_G12
TCGA-AH-6897-01,-0.7085,-0.7085,0.3532,-0.1679,-0.7085,WT
TCGA-AM-5820-01,-1.3067,-1.3067,0.4848,0.3952,-1.3067,KRAS_G12
TCGA-AM-5821-01,-1.023,-1.023,0.4119,0.1714,-1.023,strong
TCGA-AU-6004-01,0.4879,0.4879,0.5129,-0.2023,0.4879,strong
TCGA-AY-5543-01,0.3797,0.3797,0.2282,0.2313,0.3797,other_mut
TCGA-AY-6196-01,0.5236,0.5236,0.5301,0.1884,0.5236,strong
TCGA-AY-6197-01,0.1575,0.1575,0.2702,-0.0233,0.1575,WT
TCGA-AY-6386-01,0.1081,0.1081,0.5271,0.0868,0.1081,KRAS_G12
TCGA-AY-A54L-01,0.1628,0.1628,0.2329,-0.1782,0.1628,KRAS_G12
TCGA-AY-A69D-01,-0.6697,-0.6697,0.3122,0.0918,-0.6697,KRAS_G12
TCGA-AY-A71X-01,0.4953,0.4953,0.3034,-0.1072,0.4953,KRAS_G12
TCGA-AY-A8YK-01,-0.092,-0.092,0.2942,-0.0317,-0.092,WT
TCGA-AZ-4308-01,-1.3135,-1.3135,0.5069,-0.011,-1.3135,WT
TCGA-AZ-4315-01,-0.899,-0.899,0.5218,0.0594,-0.899,other_mut
TCGA-AZ-4323-01,-1.3128,-1.3128,0.4373,-0.0735,-1.3128,WT
TCGA-AZ-4614-01,-1.6915,-1.6915,0.2597,0.4942,-1.6915,strong
TCGA-AZ-4615-01,-1.4659,-1.4659,0.4663,0.3556,-1.4659,strong
TCGA-AZ-4616-01,-0.593,-0.593,0.5502,0.2524,-0.593,KRAS_G12
TCGA-AZ-4682-01,-0.6969,-0.6969,0.7005,0.4696,-0.6969,WT
TCGA-AZ-4684-01,-1.1602,-1.1602,0.5163,0.2223,-1.1602,WT
TCGA-AZ-5407-01,-0.2557,-0.2557,0.4087,0.4065,-0.2557,KRAS_G12
TCGA-AZ-6598-01,-1.5362,-1.5362,0.1473,0.2599,-1.5362,strong
TCGA-AZ-6599-01,0.1064,0.1064,0.2536,0.3044,0.1064,other_mut
TCGA-AZ-6600-01,-1.3666,-1.3666,0.3444,0.3403,-1.3666,other_mut
TCGA-AZ-6603-01,0.1472,0.1472,0.362,0.2804,0.1472,WT
TCGA-AZ-6605-01,0.7528,0.7528,0.4419,-0.1816,0.7528,WT
TCGA-AZ-6606-01,-0.5257,-0.5257,0.2171,0.1426,-0.5257,KRAS_G12
TCGA-AZ-6607-01,-1.1759,-1.1759,0.3304,1.1543,-1.1759,KRAS_G12
TCGA-CA-5254-01,-1.1866,-1.1866,0.3654,0.15,-1.1866,WT
TCGA-CA-5255-01,-0.0601,-0.0601,0.378,0.6625,-0.0601,KRAS_G12
TCGA-CA-5256-01,-0.8927,-0.8927,0.2429,-0.1664,-0.8927,WT
TCGA-CA-5796-01,0.2409,0.2409,0.4116,0.8189,0.2409,KRAS_G12
TCGA-CA-5797-01,-1.1275,-1.1275,0.4532,0.321,-1.1275,WT
TCGA-CA-6715-01,-0.4857,-0.4857,0.2248,0.2283,-0.4857,WT
TCGA-CA-6716-01,-0.8632,-0.8632,0.4377,-0.0536,-0.8632,other_mut
TCGA-CA-6717-01,-0.502,-0.502,0.3548,-0.0529,-0.502,other_mut
TCGA-CA-6718-01,-0.515,-0.515,0.2982,-0.1827,-0.515,other_mut
TCGA-CA-6719-01,-0.879,-0.879,0.3542,0.219,-0.879,WT
TCGA-CI-6621-01,1.5931,1.5931,0.2964,-0.2945,1.5931,WT
TCGA-CK-5914-01,-0.8771,-0.8771,0.579,0.2624,-0.8771,WT
TCGA-CK-5916-01,0.058,0.058,0.4979,-0.1678,0.058,WT
TCGA-CK-6746-01,-1.5728,-1.5728,0.3145,0.0697,-1.5728,strong
TCGA-CK-6747-01,0.1254,0.1254,0.4696,0.0472,0.1254,other_mut
TCGA-CK-6748-01,-0.4573,-0.4573,0.3499,-0.2557,-0.4573,KRAS_G12
TCGA-CK-6751-01,-0.4293,-0.4293,0.3726,-0.0731,-0.4293,KRAS_G12
TCGA-CL-5918-01,-0.3853,-0.3853,-0.0237,0.3921,-0.3853,WT
TCGA-CM-4743-01,-0.8532,-0.8532,0.6788,-0.2255,-0.8532,WT
TCGA-CM-4744-01,1.1296,1.1296,0.4753,0.0412,1.1296,KRAS_G12
TCGA-CM-4746-01,-0.8842,-0.8842,0.3586,0.466,-0.8842,other_mut
TCGA-CM-4747-01,0.1198,0.1198,0.3501,-0.0376,0.1198,KRAS_G12
TCGA-CM-4748-01,0.2132,0.2132,0.7301,0.06,0.2132,KRAS_G12
TCGA-CM-4750-01,-0.2782,-0.2782,0.3198,0.1019,-0.2782,other_mut
TCGA-CM-4752-01,0.5253,0.5253,0.1377,-0.029,0.5253,WT
TCGA-CM-5341-01,-0.4411,-0.4411,0.2957,-0.0943,-0.4411,WT
TCGA-CM-5344-01,-1.1198,-1.1198,0.4521,0.2424,-1.1198,WT
TCGA-CM-5348-01,0.0252,0.0252,0.5081,1.1625,0.0252,WT
TCGA-CM-5349-01,-1.0082,-1.0082,0.47,-0.0264,-1.0082,other_mut
TCGA-CM-5860-01,-1.1687,-1.1687,0.4706,0.4422,-1.1687,WT
TCGA-CM-5861-01,-1.1132,-1.1132,0.5888,0.2222,-1.1132,strong
TCGA-CM-5862-01,-0.207,-0.207,0.5579,0.3215,-0.207,WT
TCGA-CM-5863-01,0.2906,0.2906,0.6906,0.2837,0.2906,KRAS_G12
TCGA-CM-5864-01,-1.1179,-1.1179,0.4746,0.166,-1.1179,strong
TCGA-CM-5868-01,0.0622,0.0622,0.6342,0.14,0.0622,WT
TCGA-CM-6161-01,-1.2511,-1.2511,0.494,0.0987,-1.2511,other_mut
TCGA-CM-6162-01,-0.2903,-0.2903,0.5984,-0.017,-0.2903,WT
TCGA-CM-6163-01,0.7832,0.7832,0.447,-0.0569,0.7832,WT
TCGA-CM-6164-01,-0.1295,-0.1295,0.3094,0.1404,-0.1295,other_mut
TCGA-CM-6165-01,-0.4261,-0.4261,0.5676,0.0971,-0.4261,WT
TCGA-CM-6166-01,-1.5836,-1.5836,0.5575,0.2262,-1.5836,other_mut
TCGA-CM-6167-01,-0.1462,-0.1462,0.5997,-0.0341,-0.1462,WT
TCGA-CM-6168-01,-0.1123,-0.1123,0.5567,-0.1127,-0.1123,other_mut
TCGA-CM-6169-01,-0.6026,-0.6026,0.2527,0.0542,-0.6026,other_mut
TCGA-CM-6170-01,-0.2354,-0.2354,0.4754,0.035,-0.2354,WT
TCGA-CM-6171-01,-0.4668,-0.4668,0.4939,0.0162,-0.4668,strong
TCGA-CM-6172-01,-0.9523,-0.9523,0.4725,0.3129,-0.9523,WT
TCGA-CM-6674-01,-0.6685,-0.6685,0.7727,0.1478,-0.6685,KRAS_G12
TCGA-CM-6675-01,-1.718,-1.718,0.1694,0.106,-1.718,WT
TCGA-CM-6676-01,-1.0866,-1.0866,0.261,-0.077,-1.0866,WT
TCGA-CM-6677-01,-1.262,-1.262,0.2909,0.1275,-1.262,WT
TCGA-CM-6678-01,-0.1327,-0.1327,0.3699,-0.0593,-0.1327,KRAS_G12
TCGA-CM-6679-01,0.866,0.866,0.2938,-0.0457,0.866,WT
TCGA-CM-6680-01,-0.3121,-0.3121,0.4482,0.5559,-0.3121,strong
TCGA-D5-5538-01,0.3549,0.3549,0.683,0.5307,0.3549,KRAS_G12
TCGA-D5-5539-01,0.7373,0.7373,0.4395,0.0645,0.7373,other_mut
TCGA-D5-5540-01,-0.3434,-0.3434,0.4304,-0.1937,-0.3434,KRAS_G12
TCGA-D5-5541-01,-0.4127,-0.4127,0.4454,-0.0636,-0.4127,WT
TCGA-D5-6529-01,0.4042,0.4042,0.4024,0.5291,0.4042,other_mut
TCGA-D5-6530-01,-0.7038,-0.7038,0.3337,-0.0963,-0.7038,other_mut
TCGA-D5-6531-01,0.121,0.121,0.1768,-0.1391,0.121,KRAS_G12
TCGA-D5-6532-01,-0.908,-0.908,0.4262,0.1581,-0.908,other_mut
TCGA-D5-6533-01,-0.6546,-0.6546,0.3496,-0.0385,-0.6546,WT
TCGA-D5-6534-01,-0.7154,-0.7154,0.4203,0.2176,-0.7154,strong
TCGA-D5-6535-01,0.0078,0.0078,0.2598,0.1431,0.0078,KRAS_G12
TCGA-D5-6536-01,0.1818,0.1818,0.272,-0.2967,0.1818,KRAS_G12
TCGA-D5-6537-01,1.1164,1.1164,0.1875,-0.0905,1.1164,KRAS_G12
TCGA-D5-6538-01,-1.0457,-1.0457,0.4104,0.3794,-1.0457,KRAS_G12
TCGA-D5-6539-01,-0.4118,-0.4118,0.3202,0.046,-0.4118,KRAS_G12
TCGA-D5-6540-01,0.0403,0.0403,0.38,0.6241,0.0403,strong
TCGA-D5-6541-01,0.9596,0.9596,0.6978,-0.0898,0.9596,KRAS_G12
TCGA-D5-6898-01,-0.1034,-0.1034,0.3368,0.1698,-0.1034,WT
TCGA-D5-6920-01,-0.7663,-0.7663,0.4343,0.2151,-0.7663,WT
TCGA-D5-6922-01,-0.874,-0.874,0.3818,-0.0806,-0.874,WT
TCGA-D5-6923-01,-0.239,-0.239,0.3802,0.2155,-0.239,WT
TCGA-D5-6924-01,0.1492,0.1492,0.3665,-0.2401,0.1492,WT
TCGA-D5-6926-01,-0.9482,-0.9482,0.4259,-0.0969,-0.9482,WT
TCGA-D5-6927-01,-0.1602,-0.1602,0.3145,-0.2397,-0.1602,other_mut
TCGA-D5-6928-01,0.0655,0.0655,0.3193,-0.0604,0.0655,strong
TCGA-D5-6930-01,-0.3303,-0.3303,0.4439,-0.1625,-0.3303,strong
TCGA-D5-6931-01,-1.4801,-1.4801,0.3403,0.4684,-1.4801,KRAS_G12
TCGA-D5-6932-01,-0.9475,-0.9475,0.2404,0.0184,-0.9475,KRAS_G12
TCGA-DC-4745-01,-0.4827,-0.4827,0.5267,0.2458,-0.4827,WT
TCGA-DC-4749-01,-0.4141,-0.4141,0.5953,-0.0073,-0.4141,WT
TCGA-DC-5337-01,-0.7733,-0.7733,0.3563,0.02,-0.7733,other_mut
TCGA-DC-5869-01,-0.3101,-0.3101,0.4096,0.1772,-0.3101,WT
TCGA-DC-6155-01,-0.8444,-0.8444,-0.1742,0.1303,-0.8444,KRAS_G12
TCGA-DC-6156-01,0.0224,0.0224,0.2129,0.282,0.0224,WT
TCGA-DC-6157-01,-1.3835,-1.3835,0.4565,0.6743,-1.3835,WT
TCGA-DC-6158-01,-0.311,-0.311,0.4989,0.0064,-0.311,WT
TCGA-DC-6160-01,-0.4592,-0.4592,0.5586,0.0735,-0.4592,strong
TCGA-DC-6681-01,0.0736,0.0736,0.5288,0.0683,0.0736,KRAS_G12
TCGA-DC-6682-01,-1.0862,-1.0862,0.3425,-0.2104,-1.0862,other_mut
TCGA-DC-6683-01,-0.0514,-0.0514,0.5214,0.0284,-0.0514,KRAS_G12
TCGA-DM-A0X9-01,-1.0372,-1.0372,0.5197,0.103,-1.0372,other_mut
TCGA-DM-A0XF-01,-0.928,-0.928,0.4658,-0.1458,-0.928,WT
TCGA-DM-A1D0-01,0.9839,0.9839,0.6182,0.003,0.9839,KRAS_G12
TCGA-DM-A1D4-01,-1.3196,-1.3196,0.5085,0.106,-1.3196,KRAS_G12
TCGA-DM-A1D6-01,-1.3467,-1.3467,0.6513,0.4631,-1.3467,KRAS_G12
TCGA-DM-A1D7-01,-1.192,-1.192,0.409,-0.1211,-1.192,other_mut
TCGA-DM-A1D8-01,-0.6999,-0.6999,0.4943,-0.1519,-0.6999,other_mut
TCGA-DM-A1D9-01,-0.8727,-0.8727,0.6035,0.0746,-0.8727,other_mut
TCGA-DM-A1DA-01,-1.6168,-1.6168,0.3945,0.1947,-1.6168,other_mut
TCGA-DM-A1DB-01,-0.6794,-0.6794,0.5349,0.0685,-0.6794,WT
TCGA-DM-A1HA-01,-0.7851,-0.7851,0.5201,0.5779,-0.7851,KRAS_G12
TCGA-DM-A1HB-01,-0.5853,-0.5853,0.5666,-0.1112,-0.5853,strong
TCGA-DM-A280-01,-0.1027,-0.1027,0.4768,0.1268,-0.1027,KRAS_G12
TCGA-DM-A282-01,-1.2261,-1.2261,0.5229,0.0846,-1.2261,KRAS_G12
TCGA-DM-A288-01,-0.8251,-0.8251,0.5163,0.0943,-0.8251,other_mut
TCGA-DM-A28A-01,-1.4544,-1.4544,0.4353,-0.0003,-1.4544,KRAS_G12
TCGA-DM-A28C-01,-0.7578,-0.7578,0.7284,0.1358,-0.7578,other_mut
TCGA-DM-A28E-01,-1.0258,-1.0258,0.7186,0.1199,-1.0258,KRAS_G12
TCGA-DM-A28F-01,-1.2343,-1.2343,0.4261,0.1678,-1.2343,WT
TCGA-DM-A28G-01,-1.0067,-1.0067,0.4912,0.2135,-1.0067,strong
TCGA-DM-A28M-01,-1.1174,-1.1174,0.6549,0.2425,-1.1174,KRAS_G12
TCGA-DT-5265-01,0.1509,0.1509,0.4495,0.3398,0.1509,strong
TCGA-DY-A0XA-01,-0.5935,-0.5935,0.4903,0.0271,-0.5935,WT
TCGA-DY-A1DC-01,-0.3913,-0.3913,0.5794,-0.0438,-0.3913,WT
TCGA-DY-A1DD-01,-1.2112,-1.2112,0.4099,0.0668,-1.2112,WT
TCGA-DY-A1DE-01,-1.4096,-1.4096,0.5071,0.3502,-1.4096,WT
TCGA-DY-A1DF-01,-0.8121,-0.8121,0.5795,0.2242,-0.8121,other_mut
TCGA-DY-A1DG-01,-1.2004,-1.2004,0.5186,-0.1361,-1.2004,WT
TCGA-DY-A1H8-01,-0.0722,-0.0722,0.3725,-0.1622,-0.0722,KRAS_G12
TCGA-EF-5830-01,-1.3671,-1.3671,0.404,0.1702,-1.3671,KRAS_G12
TCGA-EF-5831-01,-1.0539,-1.0539,0.451,0.5559,-1.0539,WT
TCGA-EI-6506-01,-0.3511,-0.3511,0.4943,-0.0971,-0.3511,WT
TCGA-EI-6507-01,-0.5621,-0.5621,0.766,-0.0135,-0.5621,KRAS_G12
TCGA-EI-6508-01,-0.2205,-0.2205,0.3091,0.0506,-0.2205,WT
TCGA-EI-6509-01,0.2137,0.2137,0.4483,-0.4589,0.2137,WT
TCGA-EI-6510-01,-0.862,-0.862,0.4062,0.1804,-0.862,KRAS_G12
TCGA-EI-6511-01,-0.6882,-0.6882,0.3158,0.0324,-0.6882,WT
TCGA-EI-6512-01,-0.8173,-0.8173,0.2239,0.1578,-0.8173,other_mut
TCGA-EI-6513-01,0.5108,0.5108,0.1715,-0.1571,0.5108,WT
TCGA-EI-6514-01,-1.0396,-1.0396,0.3833,0.2181,-1.0396,WT
TCGA-EI-6881-01,0.4535,0.4535,0.4895,-0.1009,0.4535,KRAS_G12
TCGA-EI-6882-01,-0.4954,-0.4954,0.3978,0.1223,-0.4954,KRAS_G12
TCGA-EI-6884-01,-0.743,-0.743,0.1979,0.0989,-0.743,WT
TCGA-EI-6885-01,-0.1106,-0.1106,0.1975,-0.2469,-0.1106,WT
TCGA-EI-6917-01,0.2824,0.2824,0.3846,0.1131,0.2824,other_mut
TCGA-F4-6459-01,-0.9477,-0.9477,0.4154,0.0451,-0.9477,WT
TCGA-F4-6460-01,-1.5055,-1.5055,0.3996,0.2755,-1.5055,WT
TCGA-F4-6461-01,-1.4605,-1.4605,0.5568,0.052,-1.4605,KRAS_G12
TCGA-F4-6463-01,0.7343,0.7343,0.5595,-0.0591,0.7343,other_mut
TCGA-F4-6569-01,-0.36,-0.36,0.5289,-0.0926,-0.36,WT
TCGA-F4-6570-01,0.5587,0.5587,0.1083,-0.1188,0.5587,strong
TCGA-F4-6703-01,-0.0898,-0.0898,0.4192,-0.0116,-0.0898,KRAS_G12
TCGA-F4-6704-01,-1.1554,-1.1554,0.5293,0.0653,-1.1554,WT
TCGA-F4-6805-01,0.2084,0.2084,0.6025,-0.1853,0.2084,strong
TCGA-F4-6806-01,-0.6662,-0.6662,0.5272,0.2536,-0.6662,KRAS_G12
TCGA-F4-6807-01,-1.0926,-1.0926,0.4481,-0.0235,-1.0926,KRAS_G12
TCGA-F4-6808-01,-1.0304,-1.0304,0.5604,0.1174,-1.0304,WT
TCGA-F4-6809-01,0.3892,0.3892,0.4278,0.1035,0.3892,strong
TCGA-F4-6854-01,-0.6214,-0.6214,0.3334,0.2438,-0.6214,KRAS_G12
TCGA-F4-6855-01,0.2744,0.2744,0.4062,0.1097,0.2744,KRAS_G12
TCGA-F4-6856-01,0.0651,0.0651,0.425,0.0054,0.0651,other_mut
TCGA-F5-6464-01,-1.4207,-1.4207,0.5464,0.1624,-1.4207,WT
TCGA-F5-6465-01,0.636,0.636,0.5318,-0.3384,0.636,other_mut
TCGA-F5-6571-01,-0.5496,-0.5496,0.9429,0.5375,-0.5496,other_mut
TCGA-F5-6702-01,-0.0415,-0.0415,0.3192,-0.0517,-0.0415,other_mut
TCGA-F5-6810-01,-1.7463,-1.7463,0.2357,-0.01,-1.7463,WT
TCGA-F5-6811-01,-0.7162,-0.7162,0.3421,0.2696,-0.7162,WT
TCGA-F5-6812-01,-1.027,-1.027,0.4753,0.3252,-1.027,KRAS_G12
TCGA-F5-6813-01,-1.3987,-1.3987,0.4488,0.0322,-1.3987,WT
TCGA-F5-6861-01,0.1175,0.1175,0.1886,0.0485,0.1175,KRAS_G12
TCGA-F5-6863-01,-0.6042,-0.6042,0.6966,0.2656,-0.6042,other_mut
TCGA-F5-6864-01,-0.594,-0.594,0.3969,0.2557,-0.594,WT
TCGA-G4-6293-01,-1.4089,-1.4089,0.3896,-0.1031,-1.4089,WT
TCGA-G4-6294-01,0.0183,0.0183,0.4815,0.0062,0.0183,KRAS_G12
TCGA-G4-6295-01,-1.1421,-1.1421,0.293,0.1053,-1.1421,WT
TCGA-G4-6297-01,0.5984,0.5984,0.3901,-0.1492,0.5984,KRAS_G12
TCGA-G4-6298-01,-1.1391,-1.1391,0.5056,0.0728,-1.1391,strong
TCGA-G4-6299-01,-1.1412,-1.1412,0.4868,0.4368,-1.1412,strong
TCGA-G4-6302-01,1.1786,1.1786,0.5913,-0.0437,1.1786,strong
TCGA-G4-6303-01,-0.8397,-0.8397,0.5383,-0.0051,-0.8397,WT
TCGA-G4-6304-01,0.5128,0.5128,0.2799,-0.0957,0.5128,other_mut
TCGA-G4-6306-01,-0.6671,-0.6671,0.4739,-0.2582,-0.6671,WT
TCGA-G4-6307-01,0.2544,0.2544,0.4963,0.0174,0.2544,WT
TCGA-G4-6309-01,-0.0583,-0.0583,0.3559,-0.0031,-0.0583,WT
TCGA-G4-6311-01,0.4278,0.4278,0.4291,-0.0391,0.4278,WT
TCGA-G4-6315-01,-1.3677,-1.3677,0.4821,0.0811,-1.3677,other_mut
TCGA-G4-6317-01,-1.1629,-1.1629,0.5058,-0.2498,-1.1629,WT
TCGA-G4-6320-01,-0.58,-0.58,0.5221,0.3218,-0.58,KRAS_G12
TCGA-G4-6321-01,-0.5978,-0.5978,0.5547,-0.0648,-0.5978,strong
TCGA-G4-6322-01,-1.407,-1.407,0.4319,0.3133,-1.407,WT
TCGA-G4-6323-01,0.3165,0.3165,0.4738,-0.0182,0.3165,other_mut
TCGA-G4-6586-01,-0.6697,-0.6697,0.6268,0.006,-0.6697,strong
TCGA-G4-6588-01,-0.0856,-0.0856,0.5193,-0.3672,-0.0856,strong
TCGA-G4-6626-01,-1.1083,-1.1083,0.2249,0.2254,-1.1083,WT
TCGA-G4-6627-01,0.267,0.267,0.4538,0.1732,0.267,KRAS_G12
TCGA-G4-6628-01,-0.3911,-0.3911,0.3845,-0.0487,-0.3911,strong
TCGA-G5-6641-01,-0.4221,-0.4221,0.3709,0.314,-0.4221,WT
TCGA-NH-A50T-01,-0.5019,-0.5019,0.358,-0.1741,-0.5019,WT
TCGA-NH-A50V-01,-0.0991,-0.0991,0.2916,-0.1964,-0.0991,KRAS_G12
TCGA-NH-A5IV-01,0.6796,0.6796,0.3839,-0.0611,0.6796,other_mut
TCGA-NH-A6GA-01,-0.2018,-0.2018,0.3563,0.0674,-0.2018,KRAS_G12
TCGA-NH-A6GB-01,0.2685,0.2685,0.5246,-0.3143,0.2685,other_mut
TCGA-NH-A6GC-01,0.6114,0.6114,0.3465,0.1939,0.6114,KRAS_G12
TCGA-NH-A8F7-01,0.2062,0.2062,0.3131,-0.2381,0.2062,WT
TCGA-NH-A8F8-01,0.1511,0.1511,0.4317,0.0391,0.1511,KRAS_G12
TCGA-QG-A5YV-01,-0.702,-0.702,0.3195,0.2874,-0.702,KRAS_G12
TCGA-QG-A5YW-01,-1.074,-1.074,0.2729,-0.2466,-1.074,WT
TCGA-QG-A5YX-01,-0.7151,-0.7151,0.2605,-0.0066,-0.7151,WT
TCGA-QG-A5Z1-01,-0.9531,-0.9531,0.3498,-0.1685,-0.9531,WT
TCGA-QG-A5Z2-01,-0.6408,-0.6408,0.3783,0.1652,-0.6408,strong
TCGA-QL-A97D-01,-0.5295,-0.5295,0.3109,-0.0133,-0.5295,KRAS_G12
TCGA-RU-A8FL-01,-0.6032,-0.6032,0.4209,-0.0068,-0.6032,WT
TCGA-SS-A7HO-01,-0.854,-0.854,0.4154,-0.1532,-0.854,KRAS_G12
TCGA-T9-A92H-01,-0.3904,-0.3904,0.2973,-0.0604,-0.3904,WT
