doi,n_groups,n_pairs,dev_median,dev_max,receptors
10.1111/bph.13854,2,4,1.3222094129974038,2.208553569393428,OPRK_HUMAN
10.1124/jpet.116.232561,2,226,1.0769602249691683,4.0706069662677224,CNR2_MOUSE
10.1124/mol.115.101980,4,50,0.9818504932323215,4.989772014905391,CNR1_HUMAN
10.1124/mol.113.088880,5,50,0.8274757666188934,3.6756181219288164,ADRB2_HUMAN
10.1074/jbc.M116.757559,7,13,0.6820080530223134,1.9656791142999648,CCR2_HUMAN|CCR5_HUMAN
10.1073/pnas.1312515110,3,3,0.6764664248174999,1.3573241391720483,CXCR4_HUMAN
10.1073/pnas.1908662116,4,28,0.530954585619815,1.4960065988800375,OPRM_MOUSE
10.3389/fphar.2020.00188,1,1,0.528861632411326,0.528861632411326,OPRK_HUMAN
10.1016/j.bcp.2018.04.021,8,48,0.5256915254402188,1.843270556860058,AGTR1_HUMAN
10.1073/pnas.2000712117,6,1240,0.4518166379929127,4.56947809601624,OPRD_HUMAN|OPRK_HUMAN|OPRM_HUMAN
10.1007/s00018-013-1461-7,2,16,0.42913855348549745,0.7221956094697406,OPRD_HUMAN
10.1111/bph.14913,5,214,0.41829008377108945,4.556279286061881,OPRD_HUMAN|OPRD_MOUSE|OPRK_MOUSE|OPRM_HUMAN|OPRM_MOUSE
10.1124/mol.110.068106,2,57,0.39955576816585525,1.7959202104277239,DRD2_HUMAN
10.1016/j.bmc.2017.08.037,2,91,0.3554244930706798,1.65390657568428,DRD2_HUMAN
10.1038/ncomms13958,8,288,0.32605910158914675,4.053655560938572,CNR2_HUMAN|CNR2_MOUSE
10.1074/jbc.M115.704122,1,15,0.2872988330029411,0.6102841834319586,NPSR1_HUMAN
10.1074/jbc.M112.408534,3,18,0.2834999443452584,0.6139087409443196,ACM2_HUMAN
10.1038/s41598-017-15258-z,2,13,0.2702995083064921,0.6641336797167199,OPRM_HUMAN
10.1124/mol.115.099192,2,42,0.26663381465092284,0.7372497426819704,CNR1_HUMAN
10.1016/j.phrs.2017.08.008,3,15,0.2625753500718613,0.7650646798527925,CNR1_HUMAN
10.1016/j.phrs.2018.02.032,5,225,0.2618495491236814,1.275491080922892,APJ_HUMAN
10.1021/acs.jmedchem.8b00047,1,136,0.25462981115416783,0.8439087409443191,AA1R_HUMAN
10.1038/nchembio.2527,2,13,0.22022700965575637,0.34189444548332304,DRD2_HUMAN
10.3390/molecules24244542,4,351,0.21019270853850602,0.8468340516385107,OPRD_HUMAN|OPRD_MOUSE|OPRM_HUMAN|OPRM_MOUSE
10.1124/mol.115.099150,3,27,0.20456218413902238,1.8224333194261444,OPRX_HUMAN
10.1002/pep2.24070,4,288,0.19621127668329308,1.714234653816006,OPRD_MOUSE|OPRM_HUMAN
10.1038/s41467-018-03941-2,2,132,0.1939006590425989,1.480211241711606,GLP1R_HUMAN
10.3390/ijms20102417,5,46,0.18287904480229322,0.5599655774234034,CCR1_HUMAN
10.1126/scisignal.aaz3140,5,157,0.1782907638623521,1.4524926103055957,OPRM_HUMAN|OPRM_MOUSE
10.1124/jpet.114.220293,2,110,0.1779869532787015,0.6515390156064225,DRD2_HUMAN
10.1016/j.lfs.2016.02.069,1,6,0.16654711253396481,0.3281575587843468,EDNRA_HUMAN
10.1016/j.bcp.2014.05.008,3,15,0.16293179527870727,0.7283946114599074,AA2BR_HUMAN|AA2BR_MOUSE
10.1038/s41467-019-11875-6,30,5399,0.1621011982072159,3.324694843115472,ADRB2_HUMAN|OPRD_HUMAN|OPRD_RAT|OPRM_HUMAN|OPRM_RAT
10.1016/j.euroneuro.2018.12.013,3,13,0.1597915951773312,0.32876711988363283,OPRD_HUMAN
10.1021/acschemneuro.9b00429,5,20,0.15685827763464477,0.3162875856750169,CNR1_HUMAN
10.1038/s41598-017-01078-8,2,2,0.15252004437111255,0.24916994819592198,LSHR_HUMAN
10.1038/s41598-020-65636-3,7,73,0.1476212593729036,1.808708406721765,ADRB1_HUMAN
10.1016/j.bcp.2015.11.013,2,30,0.14707801816936783,1.2996513856761815,AA1R_HUMAN
10.1124/mol.115.098848,6,562,0.1380805990601659,3.3626205036783254,OPRM_HUMAN
10.1124/mol.113.089649,2,930,0.136943670807542,0.7391798732301824,OPRK_HUMAN
10.1161/HYPERTENSIONAHA.114.05099,3,3,0.13171047087454557,0.7619737594439329,APJ_HUMAN
10.1021/jm500457x,2,49,0.12006419025951498,0.4174910872937643,DRD2_HUMAN
10.1126/scisignal.aar4309,4,12,0.11910709633489747,0.9856420487151691,OPRK_HUMAN
10.1007/s00210-014-1054-5,5,417,0.11655030173282643,0.5682946912191977,ADRB2_HUMAN
10.1021/acs.jmedchem.8b01912,4,18,0.1156214385203711,0.2649019599857434,FPR1_HUMAN|FPR2_HUMAN
10.1124/mol.116.103283,2,210,0.11504490245670329,0.5881007767002933,AA3R_HUMAN
10.1124/mol.116.106153,4,40,0.11193256206325053,0.6879804094416642,HRH3_HUMAN
10.1021/acs.jmedchem.7b00363,2,110,0.10982567197988757,0.7452619148164779,DRD2_HUMAN
10.1126/science.1232808,4,4,0.10883069386582145,0.33069784035361227,5HT1B_HUMAN|5HT2B_HUMAN
10.1124/mol.110.067454,1,21,0.10653430621890969,0.27308998699194476,ADA1A_HUMAN
10.1124/mol.110.065664,2,30,0.10205741049216899,0.33514749527573073,GLP1R_HUMAN
10.1126/scisignal.aat1631,8,524,0.10117476121103808,1.5318940552304685,AGTR1_HUMAN
10.1021/acsptsci.0c00022,3,217,0.09999999999999964,0.6926905208751428,GLP1R_HUMAN
10.1074/jbc.M113.504381,2,49,0.09565849406757465,0.2501714695400512,OPRK_HUMAN
10.3389/fphar.2018.01202,3,45,0.0827662661033779,0.45439211805454516,CNR2_HUMAN
10.1021/acs.jmedchem.6b01857,2,141,0.0813968360524735,0.3395501779805512,DRD2_HUMAN
10.1021/acs.jmedchem.6b01875,2,240,0.08010107846570325,0.8027883143817709,DRD2_HUMAN
10.1038/s41401-018-0200-x,2,342,0.0783713514522919,0.3160033436348,ADRB2_HUMAN
10.1074/jbc.M115.659250,8,17,0.07431811792050569,0.822561680098036,GHSR_HUMAN
10.1016/j.bcp.2017.03.014,4,12,0.06739594008810945,0.18955013048845082,AA2BR_HUMAN
10.1016/j.bcp.2016.05.014,6,168,0.06376332784076588,0.818447167591347,OPRM_HUMAN|OPRM_MOUSE
10.1016/j.neuropharm.2019.107718,4,36,0.06281043837946187,0.1766951859255128,OPRM_HUMAN
10.1021/acsptsci.9b00083,2,342,0.04972147697145601,0.3266889361259073,CALRL_HUMAN
10.1016/j.bcp.2017.03.018,4,147,0.042332862357135514,0.30439982823808176,GLP1R_HUMAN
10.1021/jm401318w,2,218,0.04046066239739776,0.29639041618816897,DRD2_HUMAN
10.1101/2020.11.09.375162,18,3608,0.001194303774060712,0.3641824353350316,CNR1_HUMAN|CNR2_HUMAN
