grp,n,cost_total_dex2,cost_rms_dex,worst_ligand,worst_move_dex
10.1002/pep2.24070|OPRD_MOUSE|Accumulation|Downstream|HEK-293|nan,13,0.9798503693950819,0.19413024666198106,Homoleucine (1),-0.9800936873550128
10.1002/pep2.24070|OPRD_MOUSE|Recruitment |Transducer|HEK-293|Arrestin-3 (β-arrestin-2),12,0.1333617944076707,0.07454355393763398,Leu-enkephalin,-0.2683840480785884
10.1002/pep2.24070|OPRM_HUMAN|Accumulation|Downstream|HEK-293|nan,13,0.24289237136688893,0.09665409605051346,"4,5-déhydroleucine (4)",0.4354262933936026
10.1002/pep2.24070|OPRM_HUMAN|Recruitment |Transducer|HEK-293|Arrestin-3 (β-arrestin-2),12,0.12909477051093138,0.07334131694542174,Isoleucine (7),0.38735071447088965
10.1007/s00018-013-1461-7|OPRD_HUMAN|Accumulation|Downstream|HEK-293|nan,5,0.12691929137686653,0.11265846234387657,TIPP,0.3927076126623974
10.1007/s00018-013-1461-7|OPRD_HUMAN|Internalization |Transducer|HEK-293|nan,4,0.2141054344494994,0.16359455769122463,TIPP,-0.39793462083926245
10.1007/s00210-014-1054-5|ADRB2_HUMAN|Accumulation|Downstream|Human neutrophils|nan,14,0.12223798212946138,0.06607300673428851,"(S,S’)-4′-Methoxy-1-naphthyl-fenoterol",0.2668610311030908
10.1007/s00210-014-1054-5|ADRB2_HUMAN|Accumulation|Downstream|Sf9|nan,14,0.14129541734147213,0.07103706712028993,"(S,S’)-4′-Methoxy-fenoterol",0.4017495310839463
10.1007/s00210-014-1054-5|ADRB2_HUMAN|Activation|Downstream|Sf9|Gi2,13,0.24187227488027319,0.09645091914070819,"(R,S’)-4′-Methoxy-1-naphthyl-fenoterol",0.2893048004428187
10.1007/s00210-014-1054-5|ADRB2_HUMAN|Activation|Downstream|Sf9|Gs,14,0.028610774229158566,0.031965815574251995,"(S,S’)-4′-Methoxy-1-naphthyl-fenoterol",0.17923394066179155
10.1007/s00210-014-1054-5|ADRB2_HUMAN|Recruitment |Transducer|HEK-293|Arrestin-3 (β-arrestin-2),12,0.06365461332348821,0.05150024810760956,(R)-Isoproterenol,-0.18068616767064016
10.1016/j.bcp.2014.05.008|AA2BR_HUMAN|Accumulation|Downstream|HEK-A2B|nan,7,0.14861586136312016,0.10303115387490473,BAY60-6583,-0.3218958492772539
10.1016/j.bcp.2014.05.008|AA2BR_HUMAN|Phosphorylation|Downstream|HEK-A2B|nan,4,0.0038403340840009043,0.021909855328142016,NECA,-0.054800408233155906
10.1016/j.bcp.2014.05.008|AA2BR_MOUSE|Recruitment |Transducer|CHO|Arrestin-3 (β-arrestin-2),3,0.14360467698057602,0.1547065377742518,BAY60-6583,0.4246539002961345
10.1016/j.bcp.2015.11.013|AA1R_HUMAN|Accumulation|Downstream|CHO|nan,12,1.0795119134548066,0.2120840943131213,NECA,-1.1793944836716328
10.1016/j.bcp.2015.11.013|AA1R_HUMAN|Phosphorylation|Downstream|CHO|nan,12,0.054070878553232095,0.04746528492542036,R-PIA,0.22176359589553485
10.1016/j.bcp.2016.05.014|OPRM_HUMAN|Accumulation|Downstream|CHO|nan,8,0.3967344117224937,0.15746714175552898,Met-enkephalin,-0.4101776109590687
10.1016/j.bcp.2016.05.014|OPRM_HUMAN|Recruitment |Transducer|CHO|Arrestin-2 (β-arrestin-1),8,0.03768995748989972,0.04853475397196047,Loperamide,0.17502478763568696
10.1016/j.bcp.2016.05.014|OPRM_HUMAN|Recruitment |Transducer|CHO|Arrestin-3 (β-arrestin-2),8,0.02019963971342575,0.0355313591365305,Met-enkephalin,0.14399893348022275
10.1016/j.bcp.2016.05.014|OPRM_MOUSE|Accumulation|Downstream|AtT20|nan,8,0.0016367757678959402,0.01011427137729141,Met-enkephalin,0.04481848107687636
10.1016/j.bcp.2016.05.014|OPRM_MOUSE|Recruitment |Transducer|AtT20|Arrestin-2 (β-arrestin-1),8,0.024907534658118593,0.03945530276315735,Morphine,0.1992138601388156
10.1016/j.bcp.2016.05.014|OPRM_MOUSE|Recruitment |Transducer|AtT20|Arrestin-3 (β-arrestin-2),8,0.02989649806708535,0.043226509565229006,Morphine,0.21021939680042356
10.1016/j.bcp.2017.03.014|AA2BR_HUMAN|Accumulation|Downstream|CHO|nan,9,0.08475729642278246,0.06862024985494136,Capadenoson,0.3377698671835798
10.1016/j.bcp.2017.03.014|AA2BR_HUMAN|Accumulation|Downstream|HEK-293T|nan,3,0.0005877615750042006,0.009897487686312123,NECA,-0.026065893793885353
10.1016/j.bcp.2017.03.014|AA2BR_HUMAN|Phosphorylation|Downstream|CHO|nan,3,0.010890750430596645,0.04260428466441031,NECA,-0.1199969964321781
10.1016/j.bcp.2017.03.014|AA2BR_HUMAN|Phosphorylation|Downstream|HEK-293T|nan,3,0.006682986198481627,0.033374107225216845,NECA,-0.08627709124242733
10.1016/j.bcp.2017.03.018|GLP1R_HUMAN|Accumulation|Downstream|CHO|nan,19,0.056692674841897675,0.03862528311662469,GLP-1,0.21229720511718764
10.1016/j.bcp.2017.03.018|GLP1R_HUMAN|Phosphorylation|Downstream|CHO|nan,10,0.022571829976182196,0.03359451590377676,GLP-1,0.14708425060262353
10.1016/j.bcp.2017.03.018|GLP1R_HUMAN|Recruitment |Transducer|CHO|Arrestin-2 (β-arrestin-1),9,0.006703674792852599,0.019298351675226047,GLP-1,0.09413821835958558
10.1016/j.bcp.2017.03.018|GLP1R_HUMAN|Recruitment |Transducer|CHO|Arrestin-3 (β-arrestin-2),7,0.031052766207132765,0.04709622839549799,GLP-1,0.2226514114647622
10.1016/j.bcp.2018.04.021|AGTR1_HUMAN|Accumulation|Downstream|HEK-293|nan,4,0.1116578687728515,0.11814073639776602,Angiotensin II,-0.34769324614729946
10.1016/j.bcp.2018.04.021|AGTR1_HUMAN|Dissociation|Transducer|HEK-293|G12,4,0.8920912007217549,0.3339332269933906,[Sar1Cys3Hcy5]AngII,1.114051150989345
10.1016/j.bcp.2018.04.021|AGTR1_HUMAN|Dissociation|Transducer|HEK-293|Gi2,4,1.0709703778690223,0.36588426754047215,"[Sar1Cys3,5]AngII",1.0280439286506264
10.1016/j.bcp.2018.04.021|AGTR1_HUMAN|Dissociation|Transducer|HEK-293|Gi3,4,0.154971306016312,0.13918122449540024,"[Sar1Cys3,5]AngII",0.43673820104966965
10.1016/j.bcp.2018.04.021|AGTR1_HUMAN|Dissociation|Transducer|HEK-293|Gz,4,0.7189138687008585,0.29977363724585143,"[Sar1Hcy3,5]AngII",-0.6406998600959684
10.1016/j.bcp.2018.04.021|AGTR1_HUMAN|Phosphorylation|Downstream|HEK-293|nan,8,0.34182258223040063,0.14616398800456984,"[Sar1Cys3,5]AngII",0.5005121427361052
10.1016/j.bcp.2018.04.021|AGTR1_HUMAN|Recruitment |Transducer|HEK-293|Arrestin-2 (β-arrestin-1),4,0.5371208337824769,0.2591140756941035,[Sar1Cys3Hcy5]AngII,0.7606825656928815
10.1016/j.bcp.2018.04.021|AGTR1_HUMAN|Recruitment |Transducer|HEK-293|Arrestin-3 (β-arrestin-2),4,0.08380552868738807,0.10235082357227766,"[Sar1Cys3,5]AngII",0.2760445025512013
10.1016/j.bmc.2017.08.037|DRD2_HUMAN|Activation|Transducer|HEK-293T|GoA,9,0.9836229917675295,0.23376424398282716,1 (Aripiprazole),-0.8331067172789259
10.1016/j.bmc.2017.08.037|DRD2_HUMAN|Recruitment |Transducer|HEK-293|Arrestin-3 (β-arrestin-2),11,0.40585231265291316,0.13582279776721667,8a,0.7536476057527695
10.1016/j.euroneuro.2018.12.013|OPRD_HUMAN|Accumulation|Downstream|HEK-293|nan,4,0.03707157664259445,0.06807310100417276,Rubiscolin-6,0.23308241112857564
10.1016/j.euroneuro.2018.12.013|OPRD_HUMAN|Recruitment |Transducer|CHO|Arrestin-3 (β-arrestin-2),4,0.026331554096978967,0.05737110999555761,Rubiscolin-6,0.16104037580777275
10.1016/j.euroneuro.2018.12.013|OPRD_HUMAN|Recruitment |Transducer|U2OS|Arrestin-2 (β-arrestin-1),2,0.004430756351015806,0.03328196339992506,Deltorphin II,0.06656392679985013
10.1016/j.lfs.2016.02.069|EDNRA_HUMAN|Recruitment |Transducer|CHO-K1|nan,4,0.03035068352557257,0.061594118556048606,ET-3,-0.16716167122278702
10.1016/j.neuropharm.2019.107718|OPRM_HUMAN|Dissociation|Transducer|HEK-293A|Gi2,6,0.001091560850527728,0.009537473680731393,DAMGO,-0.032964707092854706
10.1016/j.neuropharm.2019.107718|OPRM_HUMAN|Dissociation|Transducer|HEK-293A|GoA,6,0.0010095985010031548,0.009172415626045823,DAMGO,0.03496424091449901
10.1016/j.neuropharm.2019.107718|OPRM_HUMAN|Recruitment |Transducer|HEK-293A|Arrestin-2 (β-arrestin-1),3,0.00583551297842776,0.031186303025601266,Morphine,-0.08384274511296086
10.1016/j.neuropharm.2019.107718|OPRM_HUMAN|Recruitment |Transducer|HEK-293A|Arrestin-3 (β-arrestin-2),3,0.008197062152919925,0.03696183200933977,Morphine,-0.09977511778380421
10.1016/j.phrs.2017.08.008|CNR1_HUMAN|Accumulation|Downstream|CHO|nan,4,0.1513107267833219,0.13752760031322891,PNR-4-20,0.41866460232803027
10.1016/j.phrs.2017.08.008|CNR1_HUMAN|Activation|Transducer|CHO|nan,4,0.0152836603632773,0.04370878110185255,"CP55,940",0.13722991027335607
10.1016/j.phrs.2017.08.008|CNR1_HUMAN|Recruitment |Transducer|CHO|Arrestin-3 (β-arrestin-2),3,0.029842073887166226,0.07052431482257995,JWH-018,-0.19610953418551613
10.1016/j.phrs.2018.02.032|APJ_HUMAN|Accumulation|Downstream|HEK-293|nan,10,0.3475261676405699,0.13181922614713112,"[Nle11, (2-pyridyl)Ala13]apelin-13 (Analog 4)",-0.5313073549739222
10.1016/j.phrs.2018.02.032|APJ_HUMAN|Dissociation|Transducer|HEK-293|Gi1,10,0.32176495372413505,0.12683945634622829,"[Nle11, (2-pyridyl)Ala13]apelin-13 (Analog 4)",0.4916384387387711
10.1016/j.phrs.2018.02.032|APJ_HUMAN|Dissociation|Transducer|HEK-293|GoA,10,0.6490499845639128,0.18014577216297817,Analog 10,-0.7217121304913814
10.1016/j.phrs.2018.02.032|APJ_HUMAN|Recruitment |Transducer|HEK-293|Arrestin-2 (β-arrestin-1),10,0.29734189630042446,0.12193069677083464,"[Nle11, (2-pyridyl)Ala13]apelin-13 (Analog 4)",0.6704485154869495
10.1016/j.phrs.2018.02.032|APJ_HUMAN|Recruitment |Transducer|HEK-293|Arrestin-3 (β-arrestin-2),10,0.3938516142986337,0.1403302558785228,"[Nle11, (2-pyridyl)Ala13]apelin-13 (Analog 4)",0.7005776077887873
10.1021/acs.jmedchem.6b01857|DRD2_HUMAN|Dissociation|Transducer|HEK-293|GoA,15,0.031078314494614054,0.032186081098622976,1a (Aripiprazole),-0.20781696255052418
10.1021/acs.jmedchem.6b01857|DRD2_HUMAN|Recruitment |Transducer|HEK-293|Arrestin-3 (β-arrestin-2),9,0.04578861051788154,0.050436214126735,Quinpirole,-0.19732464245283388
10.1021/acs.jmedchem.6b01875|DRD2_HUMAN|Accumulation|Downstream|HEK-293|nan,16,0.2718964206303953,0.09217788858885766,22,0.6223338285579372
10.1021/acs.jmedchem.6b01875|DRD2_HUMAN|Recruitment |Transducer|HEK-293|Arrestin-3 (β-arrestin-2),16,0.05873455378095016,0.04284220822570532,8,0.2312640242484445
10.1021/acs.jmedchem.7b00363|DRD2_HUMAN|Activation|Transducer|HEK-293T|GoA,11,0.18343475787074737,0.09131234056566191,1 (UNC0006),0.5145731980925015
10.1021/acs.jmedchem.7b00363|DRD2_HUMAN|Recruitment |Transducer|HEK-293|Arrestin-3 (β-arrestin-2),11,0.2874614320360382,0.11430848056426447,1 (UNC0006),-0.5846398373315738
10.1021/acs.jmedchem.8b00047|AA1R_HUMAN|Accumulation|Downstream|CHO|nan,34,0.8065946655775352,0.10891136882113439,6,0.5535571819756826
10.1021/acs.jmedchem.8b01912|FPR1_HUMAN|Accumulation|Downstream|CHO|nan,4,0.027483750612991593,0.05861287253346272,43,0.14524830476035633
10.1021/acs.jmedchem.8b01912|FPR1_HUMAN|Phosphorylation|Downstream|CHO|nan,4,0.010407035678767228,0.03606770660640767,17b,-0.10936431556111414
10.1021/acs.jmedchem.8b01912|FPR2_HUMAN|Accumulation|Downstream|CHO|nan,3,0.0060999999999999804,0.03188521078284827,43,0.08999999999999986
10.1021/acs.jmedchem.8b01912|FPR2_HUMAN|Phosphorylation|Downstream|CHO|nan,3,0.0014333333333333494,0.015456030825826259,50,-0.043333333333333446
10.1021/acschemneuro.9b00429|CNR1_HUMAN|Accumulation|Downstream|HEK|nan,4,0.015673001873368165,0.04426200666679066,AMB-FUBINACA,-0.10515556042205487
10.1021/acschemneuro.9b00429|CNR1_HUMAN|Internalization |Transducer|HEK|nan,4,0.028938517781791226,0.060144116276855404,Δ9-THC,-0.17942799777007767
10.1021/acschemneuro.9b00429|CNR1_HUMAN|Phosphorylation|Downstream|HEK|nan,4,0.01659284774339101,0.04554235356153518,Δ9-THC,-0.1391515978985025
10.1021/acschemneuro.9b00429|CNR1_HUMAN|Recruitment |Transducer|HEK|Arrestin-2 (β-arrestin-1),2,0.02500945921303279,0.07907189641875423,AMB-FUBINACA,0.15814379283750846
10.1021/acschemneuro.9b00429|CNR1_HUMAN|Recruitment |Transducer|HEK|Arrestin-3 (β-arrestin-2),2,0.0033007281586549045,0.028725981961696734,AMB-FUBINACA,0.05745196392339347
10.1021/acsptsci.0c00022|GLP1R_HUMAN|Accumulation|Downstream|CHO-K1|nan,21,0.046190476190476004,0.033162829231390696,Exendin-4,-0.11904761904761862
10.1021/acsptsci.0c00022|GLP1R_HUMAN|Internalization |Transducer|HEK-293|nan,7,0.01193889717157844,0.029202369242896372,GLP-1-gly2,-0.13850045254958565
10.1021/acsptsci.0c00022|GLP1R_HUMAN|Recruitment |Transducer|CHO-K1|Arrestin-3 (β-arrestin-2),21,0.23572200918074845,0.07491614505577433,Ex-phe1,0.37693745813614266
10.1021/acsptsci.9b00083|CALRL_HUMAN|Accumulation|Downstream|COS-7|nan,67,0.6102594202166723,0.06748462623247135,AM15-52 I30A,0.8769556591882419
10.1021/acsptsci.9b00083|CALRL_HUMAN|Phosphorylation|Downstream|COS-7|nan,151,2.423534047168219,0.0895820695008421,βCGRP,-0.9793052746355237
10.1021/jm401318w|DRD2_HUMAN|Accumulation|Downstream|CHO|nan,20,0.03409012559519316,0.0291933749313064,cis-Cariprazine (56),-0.1743766794243098
10.1021/jm401318w|DRD2_HUMAN|Phosphorylation|Downstream|CHO|nan,8,0.01761466984272965,0.03318006728701139,trans-Cariprazine (2),0.16813876993977095
10.1021/jm500457x|DRD2_HUMAN|Accumulation|Downstream|CHO|nan,8,0.03921902381717062,0.04950948382454784,35,-0.1554151465655944
10.1021/jm500457x|DRD2_HUMAN|Phosphorylation|Downstream|CHO|nan,7,0.06875850614652886,0.07008082382227826,34d,-0.29367152431203536
10.1038/nchembio.2527|DRD2_HUMAN|Accumulation|Downstream|HEK-293T|nan,3,0.03743214268639975,0.07898538122800505,7,-0.22325780077744217
10.1038/nchembio.2527|DRD2_HUMAN|Recruitment |Transducer|HTLA|Arrestin-3 (β-arrestin-2),5,0.01733900256368096,0.041640127958113865,1,-0.11453269213319928
10.1038/ncomms13958|CNR2_HUMAN|Accumulation|Downstream|CHO|nan,8,0.04381261581483761,0.05232865838550947,2-AG,-0.21643478264650629
10.1038/ncomms13958|CNR2_HUMAN|Activation|Downstream|AtT20|nan,12,1.799148673374699,0.27379650848263043,JWH133,-1.3598848368574232
10.1038/ncomms13958|CNR2_HUMAN|Activation|Transducer|CHO-K1|nan,11,2.148793792829874,0.31252591113159023,∆9-THC,1.2669844126038527
10.1038/ncomms13958|CNR2_HUMAN|Phosphorylation|Downstream|Flp-In-293 |nan,12,0.6659061111481279,0.1665715700967765,(R)-AM1241,0.6133497590599938
10.1038/ncomms13958|CNR2_HUMAN|Recruitment |Transducer|CHO-K1|nan,11,6.022993811301244,0.5232326881686945,(rac)-AM1241,-3.2449497928791873
10.1038/ncomms13958|CNR2_MOUSE|Accumulation|Downstream|CHO|nan,4,0.17051990329440375,0.1459965339033789,HU910,0.3905781939518582
10.1038/ncomms13958|CNR2_MOUSE|Activation|Transducer|CHO-K1|nan,4,0.0015602430956397674,0.013965328028906838,HU308,0.040820424990285264
10.1038/ncomms13958|CNR2_MOUSE|Recruitment |Transducer|CHO-K1|nan,4,0.0020038353650977765,0.015826541651201696,HU308,0.05134788854418648
10.1038/s41401-018-0200-x|ADRB2_HUMAN|Accumulation|Downstream|HEK-293|nan,19,0.035216283959384975,0.030442475502505662,B-24,0.13175023722801815
10.1038/s41401-018-0200-x|ADRB2_HUMAN|Recruitment |Transducer|CHO-K1|nan,19,0.09144701777702588,0.04905609511382322,(R)-Isoproterenol,0.16791967094400762
10.1038/s41467-018-03941-2|GLP1R_HUMAN|Accumulation|Downstream|CHO-K1|nan,12,0.011443631467053772,0.021836162158078674,Exendin-dGln3,-0.07447621939067695
10.1038/s41467-018-03941-2|GLP1R_HUMAN|Recruitment |Transducer|CHO-K1|Arrestin-3 (β-arrestin-2),12,0.9931809560706668,0.20342698895740896,Exendin-dTyr1,-1.1112493920632245
10.1038/s41467-019-11875-6|ADRB2_HUMAN|Accumulation|Downstream|HEK-293|nan,4,0.3469260277405076,0.2082444560307992,Isoproterenol ,-0.6117570817694578
10.1038/s41467-019-11875-6|ADRB2_HUMAN|Recruitment |Transducer|HEK-293|Arrestin-3 (β-arrestin-2),4,3.4320256394428275,0.6549833623309477,Salmeterol ,2.202353547913001
10.1038/s41467-019-11875-6|OPRD_HUMAN|Accumulation|Downstream|HEK-293|nan,20,0.3205116960658927,0.08951420223432323,Morphine,-0.43675225049003696
10.1038/s41467-019-11875-6|OPRD_HUMAN|Binding/coupling|Downstream|HEK-293|nan,18,0.30703744621163875,0.09235159960890389,Compound 16,-0.457101889395366
10.1038/s41467-019-11875-6|OPRD_HUMAN|Dissociation|Transducer|HEK-293|Gi1,19,1.7509814165787054,0.21465893489677657,Compound 16,-1.5637030341875624
10.1038/s41467-019-11875-6|OPRD_HUMAN|Dissociation|Transducer|HEK-293|Gi2,20,0.20521355711571906,0.0716263843000118,Compound 12,0.26884002532758666
10.1038/s41467-019-11875-6|OPRD_HUMAN|Dissociation|Transducer|HEK-293|GoA,19,0.618758880889939,0.12760536213056284,Compound 1,0.8066982779677248
10.1038/s41467-019-11875-6|OPRD_HUMAN|Recruitment |Transducer|HEK-293|Arrestin-2 (β-arrestin-1),7,0.02310511889119553,0.04062469243065595,Compound 7,0.13026324369329867
10.1038/s41467-019-11875-6|OPRD_HUMAN|Recruitment |Transducer|HEK-293|Arrestin-3 (β-arrestin-2),46,2.650220296884838,0.16972549118339264,Compound 5,1.9275059927321303
10.1038/s41467-019-11875-6|OPRD_RAT|Accumulation|Downstream|HEK-293|nan,19,0.14176280351861567,0.06107863859480783,Compound 11,-0.3242432014053893
10.1038/s41467-019-11875-6|OPRD_RAT|Binding/coupling|Downstream|HEK-293|nan,19,0.4399749423037764,0.1076024532962076,Compound 3,-0.4921439559823342
10.1038/s41467-019-11875-6|OPRD_RAT|Dissociation|Transducer|HEK-293|Gi1,17,0.2998409978885178,0.09390874761742941,Oxycodone,0.41681383356023094
10.1038/s41467-019-11875-6|OPRD_RAT|Dissociation|Transducer|HEK-293|Gi2,21,0.42173882693651615,0.10020678939745362,Compound 7,-0.43386704947212174
10.1038/s41467-019-11875-6|OPRD_RAT|Dissociation|Transducer|HEK-293|GoA,20,0.8968320352036564,0.14973577020902992,Compound 5,-0.539668877657324
10.1038/s41467-019-11875-6|OPRD_RAT|Recruitment |Transducer|HEK-293|Arrestin-2 (β-arrestin-1),6,0.020641588260043652,0.04147447835722154,Compound 11,-0.11230132400151449
10.1038/s41467-019-11875-6|OPRD_RAT|Recruitment |Transducer|HEK-293|Arrestin-3 (β-arrestin-2),39,0.8527229170513692,0.10455785523049986,Compound 7,-1.1322477209153843
10.1038/s41467-019-11875-6|OPRM_HUMAN|Accumulation|Downstream|HEK-293|nan,25,0.029817221537269404,0.02442016442912267,Tramadol,-0.09867754091214032
10.1038/s41467-019-11875-6|OPRM_HUMAN|Binding/coupling|Downstream|HEK-293|nan,23,0.561121801146214,0.110445914478163,Nalfurafine (Compound 4),0.49640173475812244
10.1038/s41467-019-11875-6|OPRM_HUMAN|Dissociation|Transducer|HEK-293|Gi1,25,0.4994950930086939,0.09994949654787601,Tramadol,0.5562738211808345
10.1038/s41467-019-11875-6|OPRM_HUMAN|Dissociation|Transducer|HEK-293|Gi2,25,0.19201434028442724,0.06197004764955845,Compound 14,0.23068776863308127
10.1038/s41467-019-11875-6|OPRM_HUMAN|Dissociation|Transducer|HEK-293|GoA,25,0.1916818784168722,0.061916375607245,Compound 14,0.3156228603693578
10.1038/s41467-019-11875-6|OPRM_HUMAN|Recruitment |Transducer|HEK-293|Arrestin-2 (β-arrestin-1),13,0.13794570630565872,0.07283957776291115,Compound 12,-0.4138912418965588
10.1038/s41467-019-11875-6|OPRM_HUMAN|Recruitment |Transducer|HEK-293|Arrestin-3 (β-arrestin-2),71,0.2991582989117047,0.04589933097426633,Buprenorphine,-0.341961950580167
10.1038/s41467-019-11875-6|OPRM_RAT|Accumulation|Downstream|HEK-293|nan,25,0.15799815580515905,0.056213549221723946,Oxycodone,-0.2467627878970009
10.1038/s41467-019-11875-6|OPRM_RAT|Binding/coupling|Downstream|HEK-293|nan,25,0.2574987905001263,0.07176333193214016,Compound 8,-0.36340760737194433
10.1038/s41467-019-11875-6|OPRM_RAT|Dissociation|Transducer|HEK-293|Gi1,25,1.8709544021578939,0.19344014072357857,Met-enkephalin,-1.1854919296129585
10.1038/s41467-019-11875-6|OPRM_RAT|Dissociation|Transducer|HEK-293|Gi2,25,1.7740756774245872,0.18836537247724633,Met-enkephalin,-1.4740409678480821
10.1038/s41467-019-11875-6|OPRM_RAT|Dissociation|Transducer|HEK-293|GoA,25,0.2610409456727763,0.07225523450557424,Nalfurafine (Compound 4),0.3394765848445944
10.1038/s41467-019-11875-6|OPRM_RAT|Recruitment |Transducer|HEK-293|Arrestin-2 (β-arrestin-1),11,0.17742338089520948,0.08980366992278452,Compound 8,0.47111892054068316
10.1038/s41467-019-11875-6|OPRM_RAT|Recruitment |Transducer|HEK-293|Arrestin-3 (β-arrestin-2),60,1.4557561549316351,0.11014218670017842,Compound 10,-1.3846956460455957
10.1038/s41598-017-01078-8|LSHR_HUMAN|Accumulation|Downstream|HEK-293|nan,2,0.015521415770989611,0.062292487048980494,rhCG,-0.12458497409796099
10.1038/s41598-017-01078-8|LSHR_HUMAN|Recruitment |Transducer|HEK-293|Arrestin-3 (β-arrestin-2),2,0.0007803681511659162,0.013967535136575782,rhCG,0.027935070273151563
10.1038/s41598-017-15258-z|OPRM_HUMAN|Accumulation|Downstream|CHO-K1|nan,5,0.0026697017894296406,0.016339222103361105,TRV130,0.04876422341294129
10.1038/s41598-017-15258-z|OPRM_HUMAN|Recruitment |Transducer|CHO-K1|Arrestin-3 (β-arrestin-2),3,0.11926808707051284,0.14098941276476096,Endomorphin-2,-0.3868381855815728
10.1038/s41598-020-65636-3|ADRB1_HUMAN|Accumulation|Downstream|HEK-293|nan,10,0.07493143534146389,0.06120924576461627,Isoetharine,-0.24015866780109896
10.1038/s41598-020-65636-3|ADRB1_HUMAN|Dissociation|Transducer|HEK-293|G12,5,1.0945771969460434,0.33084395066950273,Isoetharine,1.0262756163888396
10.1038/s41598-020-65636-3|ADRB1_HUMAN|Dissociation|Transducer|HEK-293|Gi2,3,0.0011873530476296025,0.014067415349129838,Isoproterenol,-0.039703510859162794
10.1038/s41598-020-65636-3|ADRB1_HUMAN|Dissociation|Transducer|HEK-293|Gs,7,0.2514182264750368,0.13400912188435873,Xamoterol,0.5552567487826319
10.1038/s41598-020-65636-3|ADRB1_HUMAN|Dissociation|Transducer|HEK-293|Gz,4,0.0002276174457694106,0.00533405855996879,Epinephrine,0.014880885858181259
10.1038/s41598-020-65636-3|ADRB1_HUMAN|Recruitment |Transducer|HEK-293|Arrestin-3 (β-arrestin-2),4,0.029639729584175014,0.06086843351049768,Indacaterol,-0.20735907395810171
10.1038/s41598-020-65636-3|ADRB1_HUMAN|Recruitment |Transducer|HEK-293|G12,4,0.01637163000091607,0.04523774696107786,Isoproterenol,-0.11651991407409845
10.1073/pnas.1312515110|CXCR4_HUMAN|Binding/coupling|Transducer|HEK-293T|Gi1,2,0.011673885038574718,0.05402287718775889,ATI-2341,-0.10804575437551778
10.1073/pnas.1312515110|CXCR4_HUMAN|Recruitment |Transducer|HEK-293T|Arrestin-3 (β-arrestin-2),2,0.11440170597634254,0.16911660620437496,ATI-2341,0.33823321240874993
10.1073/pnas.1312515110|CXCR4_HUMAN|Recruitment |Transducer|HEK-293T|nan,4,0.8383029151159621,0.32370953706910655,SDF-1 (CXCL12),-0.7330699727583552
10.1073/pnas.1908662116|OPRM_MOUSE|Activation|Downstream|AtT20|nan,5,0.49699198427913144,0.22293317031772805,Endomorphin-2,-0.7083293699473909
10.1073/pnas.1908662116|OPRM_MOUSE|Internalization |Transducer|AtT20|nan,4,0.7142982458728385,0.29880977349160587,Bilorphin (3c),-1.0258729813645768
10.1073/pnas.1908662116|OPRM_MOUSE|Phosphorylation|Transducer|AtT20|nan,4,0.14149651839840374,0.13299272461229023,Bilorphin (3c),-0.43350889956194916
10.1073/pnas.1908662116|OPRM_MOUSE|Recruitment |Transducer|AtT20|Arrestin-3 (β-arrestin-2),4,0.0036052957025901017,0.021228800315226545,Met-enkephalin,0.06443603836567746
10.1073/pnas.2000712117|OPRD_HUMAN|Activation|Transducer|U2OS|nan,21,5.789692733638507,0.3712813313262505,Met-enkephalin RGL,1.713200103776909
10.1073/pnas.2000712117|OPRD_HUMAN|Recruitment |Transducer|U2OS|Arrestin-3 (β-arrestin-2),21,1.774595249016071,0.2055535643906862,Dynorphin B13,1.0017587487384074
10.1073/pnas.2000712117|OPRK_HUMAN|Activation|Transducer|U2OS|nan,21,10.441258642913912,0.49859943467663004,Metorphamide,2.8814340788311803
10.1073/pnas.2000712117|OPRK_HUMAN|Recruitment |Transducer|U2OS|Arrestin-3 (β-arrestin-2),20,2.863144887199446,0.2675418138908125,α-Neoendorphin,1.3853310280454956
10.1073/pnas.2000712117|OPRM_HUMAN|Activation|Transducer|U2OS|nan,21,0.7573514124629901,0.13428393979629155,Metorphamide,-0.6337028535388141
10.1073/pnas.2000712117|OPRM_HUMAN|Recruitment |Transducer|U2OS|Arrestin-3 (β-arrestin-2),21,1.9767392206059942,0.21694519938970291,Peptide E,1.6341810356789535
10.1074/jbc.M112.408534|ACM2_HUMAN|Activation|Transducer|CHO|nan,4,0.08424059510328225,0.10261615071668924,NDMC,0.32406055057538685
10.1074/jbc.M112.408534|ACM2_HUMAN|Internalization |Transducer|CHO|nan,4,0.1296519015497722,0.1273047041303719,NDMC,0.43872035167520984
10.1074/jbc.M112.408534|ACM2_HUMAN|Phosphorylation|Downstream|CHO|nan,4,0.016569961106692763,0.04551093427228885,NDMC,-0.15294175689260125
10.1074/jbc.M113.504381|OPRK_HUMAN|Activation|Transducer|CHO-K1|nan,11,0.035902898719462124,0.040397400186073025,1.3,-0.16406028624527003
10.1074/jbc.M113.504381|OPRK_HUMAN|Recruitment |Transducer|U2OS|Arrestin-3 (β-arrestin-2),12,0.08437441129325284,0.05929249927733019,1.4,0.25109616415147795
10.1074/jbc.M115.659250|GHSR_HUMAN|Accumulation|Downstream|HEK-293T|nan,2,3.0401519285770745e-05,0.00275687863741636,Ghrelin,0.00551375727483272
10.1074/jbc.M115.659250|GHSR_HUMAN|Dissociation|Transducer|HEK-293T|Gi2,2,0.0010474121489003525,0.016181873724173235,Ghrelin,0.03236374744834647
10.1074/jbc.M115.659250|GHSR_HUMAN|Dissociation|Transducer|HEK-293T|Gi3,2,0.00176016920171526,0.020977185236080054,Ghrelin,0.04195437047216011
10.1074/jbc.M115.659250|GHSR_HUMAN|Dissociation|Transducer|HEK-293T|GoA,2,1.2765995293989564e-09,1.7864766507003083e-05,Ghrelin,3.5729533014006165e-05
10.1074/jbc.M115.659250|GHSR_HUMAN|Dissociation|Transducer|HEK-293T|GoB,2,0.0008359910908448367,0.014456755262202137,Ghrelin,0.028913510524404273
10.1074/jbc.M115.659250|GHSR_HUMAN|Dissociation|Transducer|HEK-293T|Gq,5,0.2417985585318303,0.15549873264172615,JMV 1843,0.4154121841944991
10.1074/jbc.M115.659250|GHSR_HUMAN|Phosphorylation|Downstream|HEK-293T|nan,2,0.006245376764749715,0.03951384809389524,Ghrelin,-0.07902769618779049
10.1074/jbc.M115.659250|GHSR_HUMAN|Recruitment |Transducer|HEK-293T|Arrestin-3 (β-arrestin-2),2,0.034766092890660516,0.09322833916071405,Ghrelin,0.1864566783214281
10.1074/jbc.M115.704122|NPSR1_HUMAN|Accumulation|Downstream|HEK-293|nan,12,0.3058102625825773,0.11288088533615448,hNPS,0.4520799837400331
10.1074/jbc.M116.757559|CCR2_HUMAN|Accumulation|Downstream|CHO-K1|nan,2,0.00011356973943249856,0.005328455203726934,CCL2,0.010656910407453868
10.1074/jbc.M116.757559|CCR2_HUMAN|Dissociation|Transducer|HEK-293T|Gi2,2,0.9659735950987735,0.4914197785749912,CCL2,-0.9828395571499824
10.1074/jbc.M116.757559|CCR2_HUMAN|Dissociation|Transducer|HEK-293T|GoA,3,0.028933333333333304,0.0694422221866655,UCB35625,-0.19333333333333336
10.1074/jbc.M116.757559|CCR2_HUMAN|Recruitment |Transducer|HEK-293T|Arrestin-3 (β-arrestin-2),2,0.11628374609682166,0.17050201325557834,CCL2,0.3410040265111567
10.1074/jbc.M116.757559|CCR5_HUMAN|Accumulation|Downstream|CHO-K1|nan,2,0.5098282589982482,0.35701129498877493,CCL4,-0.7140225899775499
10.1074/jbc.M116.757559|CCR5_HUMAN|Dissociation|Transducer|HEK-293T|Gi2,3,0.10789436215860831,0.13409844776544352,J113863,-0.3792724939628791
10.1074/jbc.M116.757559|CCR5_HUMAN|Dissociation|Transducer|HEK-293T|GoA,3,0.19521501188731905,0.1803769256710879,UCB35625,0.5043633289973148
10.1101/2020.11.09.375162|CNR1_HUMAN|Recruitment |Transducer|HEK-293SL|Arrestin-2 (β-arrestin-1),7,3.7788498684504028e-06,0.0005195361852137514,HU210,-0.0017294136291776674
10.1101/2020.11.09.375162|CNR1_HUMAN|Recruitment |Transducer|HEK-293SL|Arrestin-3 (β-arrestin-2),8,1.9573423069308136e-06,0.0003497626254807335,THC,0.0015006162522195332
10.1101/2020.11.09.375162|CNR1_HUMAN|Recruitment |Transducer|HEK-293SL|G12,8,0.01638449282981018,0.03200048127549235,THC,0.16917618885702534
10.1101/2020.11.09.375162|CNR1_HUMAN|Recruitment |Transducer|HEK-293SL|G13,8,0.0014314998353463014,0.009458791662212666,WIN55212-2,0.04022070593406202
10.1101/2020.11.09.375162|CNR1_HUMAN|Recruitment |Transducer|HEK-293SL|G15,7,0.003258541943469648,0.015256244490768943,THC,-0.07473208802454367
10.1101/2020.11.09.375162|CNR1_HUMAN|Recruitment |Transducer|HEK-293SL|Gi1,8,2.4982041781937323e-06,0.0003951427098367225,THC,-0.00142768129052806
10.1101/2020.11.09.375162|CNR1_HUMAN|Recruitment |Transducer|HEK-293SL|Gi2,8,0.013890167975422965,0.02946413919434836,THC,-0.1558909926439982
10.1101/2020.11.09.375162|CNR1_HUMAN|Recruitment |Transducer|HEK-293SL|Gi3,8,0.0001442227265397249,0.0030023191716959086,THC,0.015624175224929537
10.1101/2020.11.09.375162|CNR1_HUMAN|Recruitment |Transducer|HEK-293SL|GoA,8,0.0017095762429994415,0.010336755544534518,THC,-0.054687362387218386
10.1101/2020.11.09.375162|CNR1_HUMAN|Recruitment |Transducer|HEK-293SL|GoB,8,0.05755767594175825,0.05997795216877524,THC,-0.31736523588780186
10.1101/2020.11.09.375162|CNR1_HUMAN|Recruitment |Transducer|HEK-293SL|Gz,8,0.005603245463647568,0.018713707315173363,THC,0.09894482655362058
10.1101/2020.11.09.375162|CNR2_HUMAN|Recruitment |Transducer|HEK-293SL|Arrestin-2 (β-arrestin-1),25,0.01763876687286455,0.018782314486167326,anandamide,0.18041859505061097
10.1101/2020.11.09.375162|CNR2_HUMAN|Recruitment |Transducer|HEK-293SL|Arrestin-3 (β-arrestin-2),29,4.0137204032544324e-05,0.0008318778511186596,THC,-0.0036544512063230172
10.1101/2020.11.09.375162|CNR2_HUMAN|Recruitment |Transducer|HEK-293SL|Gi1,33,0.022472040036383003,0.018452247968654446,RO7032019,0.20868648596749884
10.1101/2020.11.09.375162|CNR2_HUMAN|Recruitment |Transducer|HEK-293SL|Gi2,33,5.221516093565844e-06,0.00028127189729075866,RO6883666,0.0017576056973287457
10.1101/2020.11.09.375162|CNR2_HUMAN|Recruitment |Transducer|HEK-293SL|Gi3,33,0.007948831277609343,0.010974371851706844,RO5135445,0.10794731599163887
10.1101/2020.11.09.375162|CNR2_HUMAN|Recruitment |Transducer|HEK-293SL|GoA,32,0.02056012616780228,0.01792350332306468,RO6850007,-0.14778964384885152
10.1101/2020.11.09.375162|CNR2_HUMAN|Recruitment |Transducer|HEK-293SL|GoB,33,8.407960035972246e-06,0.000356922027729261,RO6892033,0.001546560366235461
10.1111/bph.13854|OPRK_HUMAN|Activation|Transducer|CHO|nan,2,0.5844972973651766,0.3822621147083427,HS665,-0.7645242294166854
10.1111/bph.13854|OPRK_HUMAN|Recruitment |Transducer|U2OS|Arrestin-3 (β-arrestin-2),3,1.2194682397440788,0.45082669244845425,"U69,593",-1.1079746455182864
10.1111/bph.14913|OPRD_HUMAN|Recruitment |Transducer|CHO-K1|Arrestin-3 (β-arrestin-2),4,0.04261465859847935,0.07298515139951357,Leu-enkephalin,-0.24604152109113286
10.1111/bph.14913|OPRD_MOUSE|Accumulation|Downstream|HEK-293|nan,12,1.3678906226375842,0.23873718313220366,TRV130,1.0333239118415776
10.1111/bph.14913|OPRK_MOUSE|Accumulation|Downstream|HEK-293|nan,12,1.64051042231461,0.26144712836398765,Kratom extract #1,1.4663297890419202
10.1111/bph.14913|OPRM_HUMAN|Recruitment |Transducer|CHO-K1|Arrestin-3 (β-arrestin-2),5,0.030139681823005218,0.054899619145313945,MP102,-0.1724455453247331
10.1111/bph.14913|OPRM_MOUSE|Accumulation|Downstream|HEK-293|nan,12,5.471459872060759,0.4774698887565563,7-OH-mitragynine,2.3188972326008956
10.1124/jpet.114.220293|DRD2_HUMAN|Accumulation|Downstream|CHO|nan,11,0.2294138624820048,0.10211710356297385,Bromocriptine,-0.42982956705548236
10.1124/jpet.114.220293|DRD2_HUMAN|Recruitment |Transducer|CHO|Arrestin-3 (β-arrestin-2),11,0.12561974596588354,0.07556446554429341,Pergolide,0.41522972095235033
10.1124/jpet.116.232561|CNR2_MOUSE|Accumulation|Downstream|HEK-293|nan,19,7.975252175943857,0.4581212255087953,HU308,-2.2372652995552764
10.1124/jpet.116.232561|CNR2_MOUSE|Recruitment |Transducer|CHO-K1|nan,11,8.955461479382857,0.6380175788182006,UR144,-2.635475329007595
10.1124/mol.110.065664|GLP1R_HUMAN|Accumulation|Downstream|CHO|nan,10,0.17142541083213375,0.09258115651473947,Oxyntomodulin,0.5233992871903936
10.1124/mol.110.065664|GLP1R_HUMAN|Phosphorylation|Downstream|CHO|nan,6,0.041985803972915195,0.05915079879209522,Compound 2,-0.17830759458954737
10.1124/mol.110.067454|ADA1A_HUMAN|Accumulation|Downstream|CHO-K1|nan,15,0.27427130337508143,0.09561577683190876,A61603,-0.563654418795966
10.1124/mol.110.068106|DRD2_HUMAN|Accumulation|Downstream|CHO|nan,7,0.6632422498921016,0.21765671692108288,Dopamine,-0.8476598528857167
10.1124/mol.110.068106|DRD2_HUMAN|Phosphorylation|Downstream|CHO|nan,9,1.056646200187841,0.24228612563888646,Dopamine,-1.2859999493325007
10.1124/mol.113.088880|ADRB2_HUMAN|Accumulation|Downstream|HEK-293S|nan,3,0.020868545149684333,0.05897534110355549,Salmeterol ,-0.16670750892779962
10.1124/mol.113.088880|ADRB2_HUMAN|Accumulation|Downstream|HEK|nan,9,1.8663784581845495,0.3220057330566707,Salmeterol ,-1.4702532848513838
10.1124/mol.113.088880|ADRB2_HUMAN|Internalization |Transducer|HEK|nan,2,2.0554482805626195,0.7168417329792225,Isoproterenol ,1.433683465958445
10.1124/mol.113.088880|ADRB2_HUMAN|Phosphorylation|Downstream|HEK-293S|nan,3,0.019485611130138657,0.05698773425065353,Salmeterol ,0.156416344801793
10.1124/mol.113.088880|ADRB2_HUMAN|Phosphorylation|Downstream|HEK|nan,8,4.931317630845047,0.5551642567095034,Xamoterol,-2.211059509736143
10.1124/mol.113.089649|OPRK_HUMAN|Accumulation|Downstream|HEK|nan,31,0.4514529507360059,0.08533170105780999,N-MPPP,-0.3839658964788524
10.1124/mol.113.089649|OPRK_HUMAN|Recruitment |Transducer|HEK|Arrestin-3 (β-arrestin-2),44,0.7876752226153431,0.09460895730556954,Dynorphin 1-8,-0.5465648192537995
10.1124/mol.115.098848|OPRM_HUMAN|Accumulation|Downstream|CHO|nan,13,6.883701349407361,0.5145461536227586,Endomorphin-1,-1.8446421334886456
10.1124/mol.115.098848|OPRM_HUMAN|Activation|Transducer|CHO|nan,15,0.18110605024060944,0.07769728657651855,β-Endorphin,0.3299784337770628
10.1124/mol.115.098848|OPRM_HUMAN|Internalization |Transducer|CHO|nan,13,0.7519476211907892,0.17006193681565518,Dynorphin A (1-6),-0.6306051954415881
10.1124/mol.115.098848|OPRM_HUMAN|Phosphorylation|Downstream|CHO|nan,15,0.034819562155894414,0.03406834413151228,Endomorphin-2,-0.12590607621048866
10.1124/mol.115.098848|OPRM_HUMAN|Recruitment |Transducer|CHO|Arrestin-2 (β-arrestin-1),14,0.0885823156867409,0.05624636994215109,Loperamide,0.1769755238302908
10.1124/mol.115.098848|OPRM_HUMAN|Recruitment |Transducer|CHO|Arrestin-3 (β-arrestin-2),15,0.08185325926390274,0.052234490286241185,Morphine,0.2341251976339236
10.1124/mol.115.099150|OPRX_HUMAN|Accumulation|Downstream|HEK-293|nan,7,0.9022886120387803,0.25386844343911397,NNC 63-0532,-1.0626744812990923
10.1124/mol.115.099150|OPRX_HUMAN|Recruitment |Transducer|HEK-293|Arrestin-2 (β-arrestin-1),3,0.01335877622479093,0.047185407745740864,MCOPPB,-0.1329243493681902
10.1124/mol.115.099150|OPRX_HUMAN|Recruitment |Transducer|HEK-293|Arrestin-3 (β-arrestin-2),3,0.03142322915933197,0.07236853501272954,MCOPPB,-0.1858709785478807
10.1124/mol.115.099192|CNR1_HUMAN|Accumulation|Downstream|CHO|nan,7,0.15340968566115837,0.10467967658568085,Anandamide,-0.2735498100654059
10.1124/mol.115.099192|CNR1_HUMAN|Phosphorylation|Downstream|CHO|nan,7,0.1608718285688653,0.10719535856452038,∆9-THC,-0.3717301941958109
10.1124/mol.115.101980|CNR1_HUMAN|Phosphorylation|Downstream|STHdhQ111/Q111|nan,18,21.73850818950054,0.7770762187252601,"WIN55,212-2",3.7792095636086547
10.1124/mol.115.101980|CNR1_HUMAN|Phosphorylation|Downstream|STHdhQ7/Q7|nan,18,9.712004703006048,0.5194014905801048,Cannabidiol,2.854330323923083
10.1124/mol.115.101980|CNR1_HUMAN|Recruitment |Transducer|STHdhQ111/Q111|Arrestin-2 (β-arrestin-1),5,1.121593268537354,0.3349019660344433,THC,1.1920449126270998
10.1124/mol.115.101980|CNR1_HUMAN|Recruitment |Transducer|STHdhQ7/Q7|Arrestin-2 (β-arrestin-1),5,0.5299288630633281,0.23020183819060352,"CP55,940",0.9119553463377432
10.1124/mol.116.103283|AA3R_HUMAN|Accumulation|Downstream|CHO|nan,30,0.5709124495545267,0.09754592504341453,HEMADO,0.5080494953951584
10.1124/mol.116.103283|AA3R_HUMAN|Phosphorylation|Downstream|CHO|nan,30,1.4795194741664928,0.1570307546398949,HEMADO,-0.6788650859749987
10.1124/mol.116.106153|HRH3_HUMAN|Accumulation|Downstream|CHO|nan,22,4.21999555925401,0.3096917660885508,Proxyfan,-1.4318504649172827
10.1124/mol.116.106153|HRH3_HUMAN|Activation|Transducer|CHO|nan,10,0.05998826304250268,0.05476689832485617,Imetit,-0.22001657980631728
10.1124/mol.116.106153|HRH3_HUMAN|Phosphorylation|Downstream|CHO|nan,15,0.9175936774268451,0.17488983936818103,Proxyfan,-0.600683917844956
10.1124/mol.116.106153|HRH3_HUMAN|Signaling|nan|CHO|nan,10,0.14460782550727047,0.08503170747058725,Imetit,-0.33435594401522417
10.1126/science.1232808|5HT1B_HUMAN|Accumulation|Downstream|HEK-293T|nan,2,2.4999999999998934e-05,0.0024999999999999467,Ergotamine,0.004999999999999893
10.1126/science.1232808|5HT1B_HUMAN|Recruitment |Transducer|HTLA|nan,2,0.00019830175167314816,0.007040982738104606,Ergotamine,-0.014081965476209213
10.1126/science.1232808|5HT2B_HUMAN|Accumulation|Downstream|HEK-293T|nan,2,0.008977321531448512,0.04737436419480612,Ergotamine,0.09474872838961224
10.1126/science.1232808|5HT2B_HUMAN|Recruitment |Transducer|HTLA|nan,2,0.0273402654036361,0.08267446008840351,Ergotamine,0.16534892017680702
10.1126/scisignal.aar4309|OPRK_HUMAN|Accumulation|Downstream|CHO|nan,6,0.011446668495028033,0.03088509415968059,2.1,-0.1151932145849679
10.1126/scisignal.aar4309|OPRK_HUMAN|Activation|Downstream|CHO|nan,3,0.006342364564139133,0.03251247084873519,1.1,-0.09108923658324208
10.1126/scisignal.aar4309|OPRK_HUMAN|Activation|Transducer|CHO|nan,3,0.0016118188248005327,0.0163901333368612,"U69,593",-0.04577879958747477
10.1126/scisignal.aar4309|OPRK_HUMAN|Recruitment |Transducer|U2OS|Arrestin-3 (β-arrestin-2),3,0.31420753658758716,0.22884038709239649,2.1,0.6470232449844056
10.1126/scisignal.aat1631|AGTR1_HUMAN|Accumulation|Downstream|HEK-293|nan,8,0.8149288800268486,0.22568352842349404,[Val5]-Sarmesin,0.8692086348854815
10.1126/scisignal.aat1631|AGTR1_HUMAN|Dissociation|Transducer|HEK-293|G12,14,0.027379001537075492,0.031270137247332026,Angiotensin (1–7),-0.20513031259507164
10.1126/scisignal.aat1631|AGTR1_HUMAN|Dissociation|Transducer|HEK-293|Gi2,14,0.22399583061841746,0.08944188668356068,[Val4]-Angiotensin III,0.5818156445950311
10.1126/scisignal.aat1631|AGTR1_HUMAN|Dissociation|Transducer|HEK-293|Gi3,14,0.08745721608000757,0.055888030944536,SII,-0.22094802519060885
10.1126/scisignal.aat1631|AGTR1_HUMAN|Dissociation|Transducer|HEK-293|Gq,10,0.06465523606652494,0.05685738125631752,SI,-0.30967282719910694
10.1126/scisignal.aat1631|AGTR1_HUMAN|Phosphorylation|Downstream|HEK-293|nan,7,0.04593772518265597,0.057282336583587674,SVdF,-0.1738244938404736
10.1126/scisignal.aat1631|AGTR1_HUMAN|Recruitment |Transducer|HEK-293|Arrestin-3 (β-arrestin-2),14,0.025291948987325875,0.03005468170526009,Angiotensin (1–7),-0.17897096413767288
10.1126/scisignal.aat1631|AGTR1_HUMAN|Recruitment |Transducer|HEK-293|Gq,12,0.06326729497120986,0.05134332761388843,DVG,0.1833951932307465
10.1126/scisignal.aaz3140|OPRM_HUMAN|Accumulation|Downstream|HEK-293|nan,9,0.6763777483572103,0.1938466960652169,SR-17018,0.8498304291823584
10.1126/scisignal.aaz3140|OPRM_HUMAN|Binding/coupling|Transducer|HEK-293|MiniGi,9,0.057217052963449914,0.056380184148653735,TRV130,-0.23448676081516817
10.1126/scisignal.aaz3140|OPRM_HUMAN|Recruitment |Transducer|HEK-293|Arrestin-3 (β-arrestin-2),16,0.9917516246181246,0.17604612540273754,Oxycodone,0.8443159427094233
10.1126/scisignal.aaz3140|OPRM_HUMAN|Recruitment |Transducer|HEK-293|Gi2,9,0.8459415385764051,0.21678734313408063,SR-17018,1.199222709740562
10.1126/scisignal.aaz3140|OPRM_MOUSE|Activation|Downstream|HEK-293|nan,7,0.027676129533081774,0.04446196571475587,Buprenorphine,0.13281186682363355
10.1161/HYPERTENSIONAHA.114.05099|APJ_HUMAN|Internalization |Transducer|U2OS|nan,2,0.00035655907052965416,0.009441385895747167,[Pyr1]apelin-13,0.018882771791494335
10.1161/HYPERTENSIONAHA.114.05099|APJ_HUMAN|Physiological effect|nan|Human Saphenous Vein|nan,2,0.14515100252027943,0.19049343986098277,[Pyr1]apelin-13,0.38098687972196554
10.1161/HYPERTENSIONAHA.114.05099|APJ_HUMAN|Recruitment |Transducer|CHO-K1|nan,2,0.004336912034498513,0.03292761771863595,[Pyr1]apelin-13,0.0658552354372719
10.3389/fphar.2018.01202|CNR2_HUMAN|Accumulation|Downstream|Flp-In-293 |nan,6,0.017240763156593675,0.037904224870711614,7,-0.15577819415472605
10.3389/fphar.2018.01202|CNR2_HUMAN|Internalization |Transducer|Flp-In-293 |nan,6,0.001400400069100752,0.010802777687168981,"CP55,940",0.03980295867625827
10.3389/fphar.2018.01202|CNR2_HUMAN|Phosphorylation|Downstream|Flp-In-293 |nan,6,0.09766205410258123,0.09021366032119767,7,-0.2966661406643303
10.3389/fphar.2020.00188|OPRK_HUMAN|Accumulation|Downstream|HEK-293|nan,2,0.0699236565591936,0.13221540810283194,LOR17,-0.2644308162056639
10.3390/ijms20102417|CCR1_HUMAN|Accumulation|Downstream|HEK-293|nan,5,0.10310243558537224,0.10153936950039243,CCL15(N-CCL7),0.28783712913798043
10.3390/ijms20102417|CCR1_HUMAN|Phosphorylation|Downstream|HEK-293|nan,5,0.02145796210600127,0.04632273967070737,CCL15(∆26),-0.15672751918708228
10.3390/ijms20102417|CCR1_HUMAN|Recruitment |Transducer|HEK-293|Arrestin-3 (β-arrestin-2),5,0.10503808577932312,0.10248808993211023,CCL7,0.35057132033419736
10.3390/ijms20102417|CCR1_HUMAN|Recruitment |Transducer|HEK-293|Gi1,5,0.020118118293577243,0.044853225406404434,CCL15(∆28),-0.12053751429400617
10.3390/ijms20102417|CCR1_HUMAN|Recruitment |Transducer|HEK-293|Gi2,4,0.035517577431415426,0.06663105266260566,CCL15(∆26),0.20925783326299596
10.3390/molecules24244542|OPRD_HUMAN|Recruitment |Transducer|CHO|Arrestin-3 (β-arrestin-2),13,0.2005978583972636,0.08783679323636878,1k,0.3560593047199032
10.3390/molecules24244542|OPRD_MOUSE|Accumulation|Downstream|HEK-293|nan,14,0.14993850776285225,0.0731775013635759,1e,0.2951588892690866
10.3390/molecules24244542|OPRM_HUMAN|Recruitment |Transducer|CHO|Arrestin-3 (β-arrestin-2),14,0.465873520350086,0.1289896895589065,DAMGO,-0.4983411467072707
10.3390/molecules24244542|OPRM_MOUSE|Accumulation|Downstream|HEK-293|nan,14,0.32269187224634127,0.10735320080502311,1f,0.44926017983152766
