grp,doi,receptor,process,level,cell,effector,n_ligands,n_pairs,dev_median,dev_max
10.1124/mol.113.088880|ADRB2_HUMAN|Internalization |Transducer|HEK|nan,10.1124/mol.113.088880,ADRB2_HUMAN,Internalization ,Transducer,HEK,nan,2,1,2.867366931916888,2.867366931916888
10.1124/mol.115.101980|CNR1_HUMAN|Phosphorylation|Downstream|STHdhQ111/Q111|nan,10.1124/mol.115.101980,CNR1_HUMAN,Phosphorylation,Downstream,STHdhQ111/Q111,nan,6,15,1.9719163591567552,4.989772014905391
10.1074/jbc.M116.757559|CCR2_HUMAN|Dissociation|Transducer|HEK-293T|Gi2,10.1074/jbc.M116.757559,CCR2_HUMAN,Dissociation,Transducer,HEK-293T,Gi2,2,1,1.9656791142999648,1.9656791142999648
10.1038/s41467-019-11875-6|ADRB2_HUMAN|Recruitment |Transducer|HEK-293|Arrestin-3 (β-arrestin-2),10.1038/s41467-019-11875-6,ADRB2_HUMAN,Recruitment ,Transducer,HEK-293,Arrestin-3 (β-arrestin-2),4,6,1.662347421557736,3.324694843115472
10.1111/bph.13854|OPRK_HUMAN|Activation|Transducer|CHO|nan,10.1111/bph.13854,OPRK_HUMAN,Activation,Transducer,CHO,nan,2,1,1.5290484588333726,1.5290484588333726
10.1074/jbc.M116.757559|CCR5_HUMAN|Accumulation|Downstream|CHO-K1|nan,10.1074/jbc.M116.757559,CCR5_HUMAN,Accumulation,Downstream,CHO-K1,nan,2,1,1.4280451799550997,1.4280451799550997
10.1073/pnas.1312515110|CXCR4_HUMAN|Recruitment |Transducer|HEK-293T|nan,10.1073/pnas.1312515110,CXCR4_HUMAN,Recruitment ,Transducer,HEK-293T,nan,2,1,1.3573241391720483,1.3573241391720483
10.1124/mol.115.098848|OPRM_HUMAN|Accumulation|Downstream|CHO|nan,10.1124/mol.115.098848,OPRM_HUMAN,Accumulation,Downstream,CHO,nan,13,78,1.2699489028835078,3.3626205036783254
10.1124/jpet.116.232561|CNR2_MOUSE|Recruitment |Transducer|CHO-K1|nan,10.1124/jpet.116.232561,CNR2_MOUSE,Recruitment ,Transducer,CHO-K1,nan,11,55,1.2332623817562798,4.0706069662677224
10.1016/j.bcp.2018.04.021|AGTR1_HUMAN|Dissociation|Transducer|HEK-293|Gz,10.1016/j.bcp.2018.04.021,AGTR1_HUMAN,Dissociation,Transducer,HEK-293,Gz,4,6,1.154991782504141,1.2633674543453113
10.1124/mol.113.088880|ADRB2_HUMAN|Phosphorylation|Downstream|HEK|nan,10.1124/mol.113.088880,ADRB2_HUMAN,Phosphorylation,Downstream,HEK,nan,8,28,1.1356982708568912,3.6756181219288164
10.1124/mol.115.101980|CNR1_HUMAN|Phosphorylation|Downstream|STHdhQ7/Q7|nan,10.1124/mol.115.101980,CNR1_HUMAN,Phosphorylation,Downstream,STHdhQ7/Q7,nan,6,15,1.1290872055494656,3.563877338830763
10.1111/bph.13854|OPRK_HUMAN|Recruitment |Transducer|U2OS|Arrestin-3 (β-arrestin-2),10.1111/bph.13854,OPRK_HUMAN,Recruitment ,Transducer,U2OS,Arrestin-3 (β-arrestin-2),3,3,1.115370367161435,2.208553569393428
10.1016/j.bcp.2018.04.021|AGTR1_HUMAN|Dissociation|Transducer|HEK-293|Gi2,10.1016/j.bcp.2018.04.021,AGTR1_HUMAN,Dissociation,Transducer,HEK-293,Gi2,4,6,1.0234042632019733,1.843270556860058
10.1126/scisignal.aar4309|OPRK_HUMAN|Recruitment |Transducer|U2OS|Arrestin-3 (β-arrestin-2),10.1126/scisignal.aar4309,OPRK_HUMAN,Recruitment ,Transducer,U2OS,Arrestin-3 (β-arrestin-2),3,3,0.9554276862380471,0.9856420487151691
10.1124/jpet.116.232561|CNR2_MOUSE|Accumulation|Downstream|HEK-293|nan,10.1124/jpet.116.232561,CNR2_MOUSE,Accumulation,Downstream,HEK-293,nan,19,171,0.9206580681820569,3.583269843682805
10.1073/pnas.2000712117|OPRK_HUMAN|Activation|Transducer|U2OS|nan,10.1073/pnas.2000712117,OPRK_HUMAN,Activation,Transducer,U2OS,nan,21,210,0.885046900000857,4.56947809601624
10.1038/s41598-020-65636-3|ADRB1_HUMAN|Dissociation|Transducer|HEK-293|G12,10.1038/s41598-020-65636-3,ADRB1_HUMAN,Dissociation,Transducer,HEK-293,G12,5,10,0.8490373772123716,1.808708406721765
10.1016/j.bcp.2018.04.021|AGTR1_HUMAN|Dissociation|Transducer|HEK-293|G12,10.1016/j.bcp.2018.04.021,AGTR1_HUMAN,Dissociation,Transducer,HEK-293,G12,4,6,0.8350301621341201,1.6700603242682401
10.1124/mol.115.101980|CNR1_HUMAN|Recruitment |Transducer|STHdhQ111/Q111|Arrestin-2 (β-arrestin-1),10.1124/mol.115.101980,CNR1_HUMAN,Recruitment ,Transducer,STHdhQ111/Q111,Arrestin-2 (β-arrestin-1),5,10,0.8346137809151775,1.756470421042354
10.1124/mol.113.088880|ADRB2_HUMAN|Accumulation|Downstream|HEK|nan,10.1124/mol.113.088880,ADRB2_HUMAN,Accumulation,Downstream,HEK,nan,6,15,0.8274757666188934,2.0028107737563543
10.1161/HYPERTENSIONAHA.114.05099|APJ_HUMAN|Physiological effect|nan|Human Saphenous Vein|nan,10.1161/HYPERTENSIONAHA.114.05099,APJ_HUMAN,Physiological effect,nan,Human Saphenous Vein,nan,2,1,0.7619737594439329,0.7619737594439329
10.1073/pnas.1908662116|OPRM_MOUSE|Internalization |Transducer|AtT20|nan,10.1073/pnas.1908662116,OPRM_MOUSE,Internalization ,Transducer,AtT20,nan,4,6,0.7480032994400188,1.4960065988800375
10.1073/pnas.2000712117|OPRD_HUMAN|Activation|Transducer|U2OS|nan,10.1073/pnas.2000712117,OPRD_HUMAN,Activation,Transducer,U2OS,nan,21,210,0.7024118099771588,2.7244547223432205
10.1073/pnas.1908662116|OPRM_MOUSE|Activation|Downstream|AtT20|nan,10.1073/pnas.1908662116,OPRM_MOUSE,Activation,Downstream,AtT20,nan,5,10,0.6994398029354798,1.409823369650911
10.1074/jbc.M116.757559|CCR5_HUMAN|Dissociation|Transducer|HEK-293T|GoA,10.1074/jbc.M116.757559,CCR5_HUMAN,Dissociation,Transducer,HEK-293T,GoA,3,3,0.6900000000000004,0.8230899869919437
10.1074/jbc.M116.757559|CCR2_HUMAN|Recruitment |Transducer|HEK-293T|Arrestin-3 (β-arrestin-2),10.1074/jbc.M116.757559,CCR2_HUMAN,Recruitment ,Transducer,HEK-293T,Arrestin-3 (β-arrestin-2),2,1,0.6820080530223134,0.6820080530223134
10.1073/pnas.1312515110|CXCR4_HUMAN|Recruitment |Transducer|HEK-293T|Arrestin-3 (β-arrestin-2),10.1073/pnas.1312515110,CXCR4_HUMAN,Recruitment ,Transducer,HEK-293T,Arrestin-3 (β-arrestin-2),2,1,0.6764664248174999,0.6764664248174999
10.1016/j.bcp.2018.04.021|AGTR1_HUMAN|Recruitment |Transducer|HEK-293|Arrestin-2 (β-arrestin-1),10.1016/j.bcp.2018.04.021,AGTR1_HUMAN,Recruitment ,Transducer,HEK-293,Arrestin-2 (β-arrestin-1),4,6,0.6725022668049165,1.263090598670881
10.1038/ncomms13958|CNR2_HUMAN|Activation|Transducer|CHO-K1|nan,10.1038/ncomms13958,CNR2_HUMAN,Activation,Transducer,CHO-K1,nan,11,55,0.6104644217173512,2.2637053548560315
10.1126/scisignal.aat1631|AGTR1_HUMAN|Accumulation|Downstream|HEK-293|nan,10.1126/scisignal.aat1631,AGTR1_HUMAN,Accumulation,Downstream,HEK-293,nan,8,28,0.5791572018946511,1.5318940552304685
10.1007/s00018-013-1461-7|OPRD_HUMAN|Internalization |Transducer|HEK-293|nan,10.1007/s00018-013-1461-7,OPRD_HUMAN,Internalization ,Transducer,HEK-293,nan,4,6,0.57061932747993,0.7221956094697406
10.1038/s41467-019-11875-6|ADRB2_HUMAN|Accumulation|Downstream|HEK-293|nan,10.1038/s41467-019-11875-6,ADRB2_HUMAN,Accumulation,Downstream,HEK-293,nan,4,6,0.5691708221340703,1.1383416442681407
10.1074/jbc.M116.757559|CCR5_HUMAN|Dissociation|Transducer|HEK-293T|Gi2,10.1074/jbc.M116.757559,CCR5_HUMAN,Dissociation,Transducer,HEK-293T,Gi2,3,3,0.5659687322722817,0.5718487496163558
10.1124/mol.115.099150|OPRX_HUMAN|Accumulation|Downstream|HEK-293|nan,10.1124/mol.115.099150,OPRX_HUMAN,Accumulation,Downstream,HEK-293,nan,7,21,0.5628372247051718,1.8224333194261444
10.1016/j.bcp.2014.05.008|AA2BR_MOUSE|Recruitment |Transducer|CHO|Arrestin-3 (β-arrestin-2),10.1016/j.bcp.2014.05.008,AA2BR_MOUSE,Recruitment ,Transducer,CHO,Arrestin-3 (β-arrestin-2),3,3,0.5455670894284959,0.7283946114599074
10.1073/pnas.2000712117|OPRK_HUMAN|Recruitment |Transducer|U2OS|Arrestin-3 (β-arrestin-2),10.1073/pnas.2000712117,OPRK_HUMAN,Recruitment ,Transducer,U2OS,Arrestin-3 (β-arrestin-2),20,190,0.5373423933961843,2.1034988004152044
10.3389/fphar.2020.00188|OPRK_HUMAN|Accumulation|Downstream|HEK-293|nan,10.3389/fphar.2020.00188,OPRK_HUMAN,Accumulation,Downstream,HEK-293,nan,2,1,0.528861632411326,0.528861632411326
10.1124/mol.110.068106|DRD2_HUMAN|Accumulation|Downstream|CHO|nan,10.1124/mol.110.068106,DRD2_HUMAN,Accumulation,Downstream,CHO,nan,7,21,0.5246770212133445,1.437434852894918
10.1016/j.bmc.2017.08.037|DRD2_HUMAN|Activation|Transducer|HEK-293T|GoA,10.1016/j.bmc.2017.08.037,DRD2_HUMAN,Activation,Transducer,HEK-293T,GoA,9,36,0.5230466659358144,1.65390657568428
10.1038/s41598-017-15258-z|OPRM_HUMAN|Recruitment |Transducer|CHO-K1|Arrestin-3 (β-arrestin-2),10.1038/s41598-017-15258-z,OPRM_HUMAN,Recruitment ,Transducer,CHO-K1,Arrestin-3 (β-arrestin-2),3,3,0.49638087702799893,0.6641336797167199
10.1038/ncomms13958|CNR2_HUMAN|Activation|Downstream|AtT20|nan,10.1038/ncomms13958,CNR2_HUMAN,Activation,Downstream,AtT20,nan,12,66,0.4702962362825618,1.956208482263663
10.1111/bph.14913|OPRD_MOUSE|Accumulation|Downstream|HEK-293|nan,10.1111/bph.14913,OPRD_MOUSE,Accumulation,Downstream,HEK-293,nan,12,66,0.46593769821384434,1.8101199826559244
10.1038/ncomms13958|CNR2_MOUSE|Accumulation|Downstream|CHO|nan,10.1038/ncomms13958,CNR2_MOUSE,Accumulation,Downstream,CHO,nan,4,6,0.4543262243617763,0.6760748027008265
10.1126/scisignal.aaz3140|OPRM_HUMAN|Recruitment |Transducer|HEK-293|Arrestin-3 (β-arrestin-2),10.1126/scisignal.aaz3140,OPRM_HUMAN,Recruitment ,Transducer,HEK-293,Arrestin-3 (β-arrestin-2),8,28,0.4486225819337122,1.1617278360175929
10.1074/jbc.M115.659250|GHSR_HUMAN|Dissociation|Transducer|HEK-293T|Gq,10.1074/jbc.M115.659250,GHSR_HUMAN,Dissociation,Transducer,HEK-293T,Gq,5,10,0.44289037412621246,0.822561680098036
10.1016/j.phrs.2018.02.032|APJ_HUMAN|Dissociation|Transducer|HEK-293|GoA,10.1016/j.phrs.2018.02.032,APJ_HUMAN,Dissociation,Transducer,HEK-293,GoA,10,45,0.43276081380560605,1.275491080922892
10.1111/bph.14913|OPRK_MOUSE|Accumulation|Downstream|HEK-293|nan,10.1111/bph.14913,OPRK_MOUSE,Accumulation,Downstream,HEK-293,nan,12,66,0.426359914978248,2.003512623680166
10.1111/bph.14913|OPRM_MOUSE|Accumulation|Downstream|HEK-293|nan,10.1111/bph.14913,OPRM_MOUSE,Accumulation,Downstream,HEK-293,nan,12,66,0.41829008377108945,4.556279286061881
10.1016/j.bcp.2016.05.014|OPRM_HUMAN|Accumulation|Downstream|CHO|nan,10.1016/j.bcp.2016.05.014,OPRM_HUMAN,Accumulation,Downstream,CHO,nan,8,28,0.3986734021244249,0.818447167591347
10.1038/ncomms13958|CNR2_HUMAN|Phosphorylation|Downstream|Flp-In-293 |nan,10.1038/ncomms13958,CNR2_HUMAN,Phosphorylation,Downstream,Flp-In-293 ,nan,12,66,0.39211820317829194,1.172277406671964
10.1016/j.phrs.2017.08.008|CNR1_HUMAN|Accumulation|Downstream|CHO|nan,10.1016/j.phrs.2017.08.008,CNR1_HUMAN,Accumulation,Downstream,CHO,nan,4,6,0.38253233992639624,0.7650646798527925
10.1016/j.bcp.2018.04.021|AGTR1_HUMAN|Dissociation|Transducer|HEK-293|Gi3,10.1016/j.bcp.2018.04.021,AGTR1_HUMAN,Dissociation,Transducer,HEK-293,Gi3,4,6,0.37888078407552106,0.7577615681510421
10.1074/jbc.M115.659250|GHSR_HUMAN|Recruitment |Transducer|HEK-293T|Arrestin-3 (β-arrestin-2),10.1074/jbc.M115.659250,GHSR_HUMAN,Recruitment ,Transducer,HEK-293T,Arrestin-3 (β-arrestin-2),2,1,0.3729133566428562,0.3729133566428562
10.1126/scisignal.aaz3140|OPRM_HUMAN|Accumulation|Downstream|HEK-293|nan,10.1126/scisignal.aaz3140,OPRM_HUMAN,Accumulation,Downstream,HEK-293,nan,9,36,0.3724566499584565,1.3270858242334835
10.1073/pnas.2000712117|OPRD_HUMAN|Recruitment |Transducer|U2OS|Arrestin-3 (β-arrestin-2),10.1073/pnas.2000712117,OPRD_HUMAN,Recruitment ,Transducer,U2OS,Arrestin-3 (β-arrestin-2),21,210,0.36629088258964115,1.6515298268736327
10.1073/pnas.1908662116|OPRM_MOUSE|Phosphorylation|Transducer|AtT20|nan,10.1073/pnas.1908662116,OPRM_MOUSE,Phosphorylation,Transducer,AtT20,nan,4,6,0.3624693683041502,0.7249387366083004
10.1002/pep2.24070|OPRD_MOUSE|Accumulation|Downstream|HEK-293|nan,10.1002/pep2.24070,OPRD_MOUSE,Accumulation,Downstream,HEK-293,nan,13,78,0.3619888278977408,1.714234653816006
10.1124/mol.115.098848|OPRM_HUMAN|Internalization |Transducer|CHO|nan,10.1124/mol.115.098848,OPRM_HUMAN,Internalization ,Transducer,CHO,nan,13,78,0.357364718311318,1.2345651197699192
10.1124/mol.116.106153|HRH3_HUMAN|Accumulation|Downstream|CHO|nan,10.1124/mol.116.106153,HRH3_HUMAN,Accumulation,Downstream,CHO,nan,5,10,0.3439902047208321,0.6879804094416642
10.1038/s41467-018-03941-2|GLP1R_HUMAN|Recruitment |Transducer|CHO-K1|Arrestin-3 (β-arrestin-2),10.1038/s41467-018-03941-2,GLP1R_HUMAN,Recruitment ,Transducer,CHO-K1,Arrestin-3 (β-arrestin-2),12,66,0.33542880044982404,1.480211241711606
10.1016/j.bcp.2018.04.021|AGTR1_HUMAN|Phosphorylation|Downstream|HEK-293|nan,10.1016/j.bcp.2018.04.021,AGTR1_HUMAN,Phosphorylation,Downstream,HEK-293,nan,4,6,0.33388211638682597,0.6677642327736519
10.1126/science.1232808|5HT2B_HUMAN|Recruitment |Transducer|HTLA|nan,10.1126/science.1232808,5HT2B_HUMAN,Recruitment ,Transducer,HTLA,nan,2,1,0.33069784035361227,0.33069784035361227
10.1038/s41467-019-11875-6|OPRD_RAT|Dissociation|Transducer|HEK-293|GoA,10.1038/s41467-019-11875-6,OPRD_RAT,Dissociation,Transducer,HEK-293,GoA,20,190,0.33041373659217577,0.9261884710478805
10.1038/nchembio.2527|DRD2_HUMAN|Accumulation|Downstream|HEK-293T|nan,10.1038/nchembio.2527,DRD2_HUMAN,Accumulation,Downstream,HEK-293T,nan,3,3,0.3278789568490037,0.34189444548332304
10.1016/j.bcp.2018.04.021|AGTR1_HUMAN|Accumulation|Downstream|HEK-293|nan,10.1016/j.bcp.2018.04.021,AGTR1_HUMAN,Accumulation,Downstream,HEK-293,nan,4,6,0.31676782290593275,0.6335356458118655
10.1021/acschemneuro.9b00429|CNR1_HUMAN|Recruitment |Transducer|HEK|Arrestin-2 (β-arrestin-1),10.1021/acschemneuro.9b00429,CNR1_HUMAN,Recruitment ,Transducer,HEK,Arrestin-2 (β-arrestin-1),2,1,0.3162875856750169,0.3162875856750169
10.3390/ijms20102417|CCR1_HUMAN|Accumulation|Downstream|HEK-293|nan,10.3390/ijms20102417,CCR1_HUMAN,Accumulation,Downstream,HEK-293,nan,5,10,0.31302846258093275,0.4923464563211013
10.1074/jbc.M112.408534|ACM2_HUMAN|Internalization |Transducer|CHO|nan,10.1074/jbc.M112.408534,ACM2_HUMAN,Internalization ,Transducer,CHO,nan,4,6,0.3069543704721598,0.6139087409443196
10.1016/j.bcp.2018.04.021|AGTR1_HUMAN|Recruitment |Transducer|HEK-293|Arrestin-3 (β-arrestin-2),10.1016/j.bcp.2018.04.021,AGTR1_HUMAN,Recruitment ,Transducer,HEK-293,Arrestin-3 (β-arrestin-2),4,6,0.304050964470421,0.5162016172539898
10.1016/j.phrs.2018.02.032|APJ_HUMAN|Accumulation|Downstream|HEK-293|nan,10.1016/j.phrs.2018.02.032,APJ_HUMAN,Accumulation,Downstream,HEK-293,nan,10,45,0.2979378409207669,0.9965312654269738
10.1073/pnas.2000712117|OPRM_HUMAN|Recruitment |Transducer|U2OS|Arrestin-3 (β-arrestin-2),10.1073/pnas.2000712117,OPRM_HUMAN,Recruitment ,Transducer,U2OS,Arrestin-3 (β-arrestin-2),21,210,0.293700943294807,2.134641919423742
10.1124/mol.115.099192|CNR1_HUMAN|Accumulation|Downstream|CHO|nan,10.1124/mol.115.099192,CNR1_HUMAN,Accumulation,Downstream,CHO,nan,7,21,0.29236612160017206,0.5467716239038234
10.1007/s00018-013-1461-7|OPRD_HUMAN|Accumulation|Downstream|HEK-293|nan,10.1007/s00018-013-1461-7,OPRD_HUMAN,Accumulation,Downstream,HEK-293,nan,5,10,0.28765777949106486,0.6148006681126343
10.1074/jbc.M115.704122|NPSR1_HUMAN|Accumulation|Downstream|HEK-293|nan,10.1074/jbc.M115.704122,NPSR1_HUMAN,Accumulation,Downstream,HEK-293,nan,6,15,0.2872988330029411,0.6102841834319586
10.1074/jbc.M112.408534|ACM2_HUMAN|Activation|Transducer|CHO|nan,10.1074/jbc.M112.408534,ACM2_HUMAN,Activation,Transducer,CHO,nan,4,6,0.2834999443452584,0.5669998886905168
10.1038/s41467-019-11875-6|OPRD_HUMAN|Dissociation|Transducer|HEK-293|Gi1,10.1038/s41467-019-11875-6,OPRD_HUMAN,Dissociation,Transducer,HEK-293,Gi1,19,171,0.2820025150724135,2.034257662963299
10.3389/fphar.2018.01202|CNR2_HUMAN|Phosphorylation|Downstream|Flp-In-293 |nan,10.3389/fphar.2018.01202,CNR2_HUMAN,Phosphorylation,Downstream,Flp-In-293 ,nan,6,15,0.2793618613107407,0.45439211805454516
10.1124/mol.110.068106|DRD2_HUMAN|Phosphorylation|Downstream|CHO|nan,10.1124/mol.110.068106,DRD2_HUMAN,Phosphorylation,Downstream,CHO,nan,9,36,0.27443451511836603,1.7959202104277239
10.3390/molecules24244542|OPRM_HUMAN|Recruitment |Transducer|CHO|Arrestin-3 (β-arrestin-2),10.3390/molecules24244542,OPRM_HUMAN,Recruitment ,Transducer,CHO,Arrestin-3 (β-arrestin-2),14,91,0.2676873521070062,0.8468340516385107
10.1016/j.phrs.2017.08.008|CNR1_HUMAN|Recruitment |Transducer|CHO|Arrestin-3 (β-arrestin-2),10.1016/j.phrs.2017.08.008,CNR1_HUMAN,Recruitment ,Transducer,CHO,Arrestin-3 (β-arrestin-2),3,3,0.2625753500718613,0.3257532524846871
10.1073/pnas.2000712117|OPRM_HUMAN|Activation|Transducer|U2OS|nan,10.1073/pnas.2000712117,OPRM_HUMAN,Activation,Transducer,U2OS,nan,21,210,0.26186513819200874,1.2015329053310122
10.1016/j.phrs.2018.02.032|APJ_HUMAN|Dissociation|Transducer|HEK-293|Gi1,10.1016/j.phrs.2018.02.032,APJ_HUMAN,Dissociation,Transducer,HEK-293,Gi1,10,45,0.2618495491236814,0.8140193102985762
10.1038/ncomms13958|CNR2_HUMAN|Recruitment |Transducer|CHO-K1|nan,10.1038/ncomms13958,CNR2_HUMAN,Recruitment ,Transducer,CHO-K1,nan,11,55,0.26000000000000156,4.053655560938572
10.1074/jbc.M116.757559|CCR2_HUMAN|Dissociation|Transducer|HEK-293T|GoA,10.1074/jbc.M116.757559,CCR2_HUMAN,Dissociation,Transducer,HEK-293T,GoA,3,3,0.2600000000000007,0.3199999999999994
10.1021/acs.jmedchem.8b00047|AA1R_HUMAN|Accumulation|Downstream|CHO|nan,10.1021/acs.jmedchem.8b00047,AA1R_HUMAN,Accumulation,Downstream,CHO,nan,17,136,0.25462981115416783,0.8439087409443191
10.1124/jpet.114.220293|DRD2_HUMAN|Accumulation|Downstream|CHO|nan,10.1124/jpet.114.220293,DRD2_HUMAN,Accumulation,Downstream,CHO,nan,11,55,0.24981406542754314,0.6515390156064225
10.1038/s41598-017-01078-8|LSHR_HUMAN|Accumulation|Downstream|HEK-293|nan,10.1038/s41598-017-01078-8,LSHR_HUMAN,Accumulation,Downstream,HEK-293,nan,2,1,0.24916994819592198,0.24916994819592198
10.1038/s41598-020-65636-3|ADRB1_HUMAN|Dissociation|Transducer|HEK-293|Gs,10.1038/s41598-020-65636-3,ADRB1_HUMAN,Dissociation,Transducer,HEK-293,Gs,7,21,0.24911560685152612,0.8414037998287114
10.1124/mol.113.088880|ADRB2_HUMAN|Accumulation|Downstream|HEK-293S|nan,10.1124/mol.113.088880,ADRB2_HUMAN,Accumulation,Downstream,HEK-293S,nan,3,3,0.2450612633916993,0.2550612633917
10.3390/molecules24244542|OPRM_MOUSE|Accumulation|Downstream|HEK-293|nan,10.3390/molecules24244542,OPRM_MOUSE,Accumulation,Downstream,HEK-293,nan,14,91,0.2432477341919963,0.7143349717370437
10.3390/ijms20102417|CCR1_HUMAN|Recruitment |Transducer|HEK-293|Arrestin-3 (β-arrestin-2),10.3390/ijms20102417,CCR1_HUMAN,Recruitment ,Transducer,HEK-293,Arrestin-3 (β-arrestin-2),5,10,0.241609460720829,0.5599655774234034
10.1124/mol.115.099192|CNR1_HUMAN|Phosphorylation|Downstream|CHO|nan,10.1124/mol.115.099192,CNR1_HUMAN,Phosphorylation,Downstream,CHO,nan,7,21,0.24090150770167362,0.7372497426819704
10.1038/s41467-019-11875-6|OPRD_RAT|Dissociation|Transducer|HEK-293|Gi1,10.1038/s41467-019-11875-6,OPRD_RAT,Dissociation,Transducer,HEK-293,Gi1,17,136,0.23737139025648446,0.8037487830987953
10.1016/j.phrs.2018.02.032|APJ_HUMAN|Recruitment |Transducer|HEK-293|Arrestin-3 (β-arrestin-2),10.1016/j.phrs.2018.02.032,APJ_HUMAN,Recruitment ,Transducer,HEK-293,Arrestin-3 (β-arrestin-2),10,45,0.2360895755188288,1.079810206905993
10.1007/s00210-014-1054-5|ADRB2_HUMAN|Activation|Downstream|Sf9|Gi2,10.1007/s00210-014-1054-5,ADRB2_HUMAN,Activation,Downstream,Sf9,Gi2,13,78,0.22018619387846128,0.5682946912191977
10.1038/s41467-019-11875-6|OPRD_RAT|Binding/coupling|Downstream|HEK-293|nan,10.1038/s41467-019-11875-6,OPRD_RAT,Binding/coupling,Downstream,HEK-293,nan,19,171,0.21747441711761528,0.8662457519619773
10.1038/s41467-019-11875-6|OPRM_HUMAN|Binding/coupling|Downstream|HEK-293|nan,10.1038/s41467-019-11875-6,OPRM_HUMAN,Binding/coupling,Downstream,HEK-293,nan,23,253,0.21661061307714125,0.9810842709060772
10.1073/pnas.1312515110|CXCR4_HUMAN|Binding/coupling|Transducer|HEK-293T|Gi1,10.1073/pnas.1312515110,CXCR4_HUMAN,Binding/coupling,Transducer,HEK-293T,Gi1,2,1,0.21609150875103555,0.21609150875103555
10.1038/s41467-019-11875-6|OPRM_RAT|Dissociation|Transducer|HEK-293|Gi2,10.1038/s41467-019-11875-6,OPRM_RAT,Dissociation,Transducer,HEK-293,Gi2,25,300,0.21461601440760258,2.1372022957949524
10.1124/mol.115.099150|OPRX_HUMAN|Recruitment |Transducer|HEK-293|Arrestin-3 (β-arrestin-2),10.1124/mol.115.099150,OPRX_HUMAN,Recruitment ,Transducer,HEK-293,Arrestin-3 (β-arrestin-2),3,3,0.20456218413902238,0.35305075150461995
10.1038/s41467-019-11875-6|OPRD_HUMAN|Dissociation|Transducer|HEK-293|GoA,10.1038/s41467-019-11875-6,OPRD_HUMAN,Dissociation,Transducer,HEK-293,GoA,19,171,0.20325074397742426,1.235438546021852
10.1002/pep2.24070|OPRM_HUMAN|Accumulation|Downstream|HEK-293|nan,10.1002/pep2.24070,OPRM_HUMAN,Accumulation,Downstream,HEK-293,nan,13,78,0.20265725926175548,0.7771488819390644
10.1124/mol.113.088880|ADRB2_HUMAN|Phosphorylation|Downstream|HEK-293S|nan,10.1124/mol.113.088880,ADRB2_HUMAN,Phosphorylation,Downstream,HEK-293S,nan,3,3,0.20091908085669985,0.2683299535486796
10.1021/acs.jmedchem.8b01912|FPR1_HUMAN|Accumulation|Downstream|CHO|nan,10.1021/acs.jmedchem.8b01912,FPR1_HUMAN,Accumulation,Downstream,CHO,nan,4,6,0.2004966095207119,0.2649019599857434
10.1038/s41467-019-11875-6|OPRD_RAT|Dissociation|Transducer|HEK-293|Gi2,10.1038/s41467-019-11875-6,OPRD_RAT,Dissociation,Transducer,HEK-293,Gi2,21,210,0.19810871893457094,0.8318499112093392
10.1038/s41467-019-11875-6|OPRM_RAT|Dissociation|Transducer|HEK-293|Gi1,10.1038/s41467-019-11875-6,OPRM_RAT,Dissociation,Transducer,HEK-293,Gi1,25,300,0.19634800645090378,2.346071520817616
10.1016/j.bcp.2015.11.013|AA1R_HUMAN|Accumulation|Downstream|CHO|nan,10.1016/j.bcp.2015.11.013,AA1R_HUMAN,Accumulation,Downstream,CHO,nan,6,15,0.18996329994502048,1.2996513856761815
10.1002/pep2.24070|OPRD_MOUSE|Recruitment |Transducer|HEK-293|Arrestin-3 (β-arrestin-2),10.1002/pep2.24070,OPRD_MOUSE,Recruitment ,Transducer,HEK-293,Arrestin-3 (β-arrestin-2),12,66,0.18976529410483067,0.5080348091389286
10.1126/science.1232808|5HT2B_HUMAN|Accumulation|Downstream|HEK-293T|nan,10.1126/science.1232808,5HT2B_HUMAN,Accumulation,Downstream,HEK-293T,nan,2,1,0.18949745677922447,0.18949745677922447
10.1124/mol.115.099150|OPRX_HUMAN|Recruitment |Transducer|HEK-293|Arrestin-2 (β-arrestin-1),10.1124/mol.115.099150,OPRX_HUMAN,Recruitment ,Transducer,HEK-293,Arrestin-2 (β-arrestin-1),3,3,0.18903692340426836,0.209736124700302
10.1111/bph.14913|OPRD_HUMAN|Recruitment |Transducer|CHO-K1|Arrestin-3 (β-arrestin-2),10.1111/bph.14913,OPRD_HUMAN,Recruitment ,Transducer,CHO-K1,Arrestin-3 (β-arrestin-2),4,6,0.18803402217513776,0.3760680443502755
10.1016/j.bmc.2017.08.037|DRD2_HUMAN|Recruitment |Transducer|HEK-293|Arrestin-3 (β-arrestin-2),10.1016/j.bmc.2017.08.037,DRD2_HUMAN,Recruitment ,Transducer,HEK-293,Arrestin-3 (β-arrestin-2),11,55,0.18780232020554521,1.098393096631339
10.3390/ijms20102417|CCR1_HUMAN|Recruitment |Transducer|HEK-293|Gi2,10.3390/ijms20102417,CCR1_HUMAN,Recruitment ,Transducer,HEK-293,Gi2,4,6,0.18287904480229322,0.36575808960458644
10.1038/s41467-019-11875-6|OPRD_HUMAN|Recruitment |Transducer|HEK-293|Arrestin-3 (β-arrestin-2),10.1038/s41467-019-11875-6,OPRD_HUMAN,Recruitment ,Transducer,HEK-293,Arrestin-3 (β-arrestin-2),14,91,0.18151791031358844,0.8152731547361451
10.1126/scisignal.aaz3140|OPRM_HUMAN|Recruitment |Transducer|HEK-293|Gi2,10.1126/scisignal.aaz3140,OPRM_HUMAN,Recruitment ,Transducer,HEK-293,Gi2,9,36,0.1782907638623521,1.4524926103055957
10.1038/s41467-019-11875-6|OPRD_HUMAN|Binding/coupling|Downstream|HEK-293|nan,10.1038/s41467-019-11875-6,OPRD_HUMAN,Binding/coupling,Downstream,HEK-293,nan,18,153,0.17760435659626195,0.7623430821283659
10.3390/molecules24244542|OPRD_HUMAN|Recruitment |Transducer|CHO|Arrestin-3 (β-arrestin-2),10.3390/molecules24244542,OPRD_HUMAN,Recruitment ,Transducer,CHO,Arrestin-3 (β-arrestin-2),13,78,0.17713768288501575,0.5959316378655872
10.1038/s41467-019-11875-6|OPRM_HUMAN|Dissociation|Transducer|HEK-293|Gi1,10.1038/s41467-019-11875-6,OPRM_HUMAN,Dissociation,Transducer,HEK-293,Gi1,25,300,0.17691133874369758,0.8837356962707537
10.1021/acsptsci.0c00022|GLP1R_HUMAN|Recruitment |Transducer|CHO-K1|Arrestin-3 (β-arrestin-2),10.1021/acsptsci.0c00022,GLP1R_HUMAN,Recruitment ,Transducer,CHO-K1,Arrestin-3 (β-arrestin-2),15,105,0.175358350199474,0.6926905208751428
10.1124/mol.113.089649|OPRK_HUMAN|Accumulation|Downstream|HEK|nan,10.1124/mol.113.089649,OPRK_HUMAN,Accumulation,Downstream,HEK,nan,31,465,0.17333665546356425,0.6789624241732763
10.1038/s41467-019-11875-6|OPRD_HUMAN|Accumulation|Downstream|HEK-293|nan,10.1038/s41467-019-11875-6,OPRD_HUMAN,Accumulation,Downstream,HEK-293,nan,20,190,0.17186026540597865,0.7056361504972681
10.1124/mol.115.101980|CNR1_HUMAN|Recruitment |Transducer|STHdhQ7/Q7|Arrestin-2 (β-arrestin-1),10.1124/mol.115.101980,CNR1_HUMAN,Recruitment ,Transducer,STHdhQ7/Q7,Arrestin-2 (β-arrestin-1),5,10,0.17093898742321834,1.248609797885952
10.1016/j.bcp.2017.03.014|AA2BR_HUMAN|Phosphorylation|Downstream|CHO|nan,10.1016/j.bcp.2017.03.014,AA2BR_HUMAN,Phosphorylation,Downstream,CHO,nan,3,3,0.17044085880808346,0.18955013048845082
10.1016/j.lfs.2016.02.069|EDNRA_HUMAN|Recruitment |Transducer|CHO-K1|nan,10.1016/j.lfs.2016.02.069,EDNRA_HUMAN,Recruitment ,Transducer,CHO-K1,nan,4,6,0.16654711253396481,0.3281575587843468
10.1016/j.euroneuro.2018.12.013|OPRD_HUMAN|Accumulation|Downstream|HEK-293|nan,10.1016/j.euroneuro.2018.12.013,OPRD_HUMAN,Accumulation,Downstream,HEK-293,nan,4,6,0.16438355994181642,0.32876711988363283
10.1016/j.bcp.2014.05.008|AA2BR_HUMAN|Accumulation|Downstream|HEK-A2B|nan,10.1016/j.bcp.2014.05.008,AA2BR_HUMAN,Accumulation,Downstream,HEK-A2B,nan,4,6,0.16293179527870727,0.32586359055741454
10.1016/j.euroneuro.2018.12.013|OPRD_HUMAN|Recruitment |Transducer|CHO|Arrestin-3 (β-arrestin-2),10.1016/j.euroneuro.2018.12.013,OPRD_HUMAN,Recruitment ,Transducer,CHO,Arrestin-3 (β-arrestin-2),4,6,0.1597915951773312,0.29102999566398147
10.1074/jbc.M115.659250|GHSR_HUMAN|Phosphorylation|Downstream|HEK-293T|nan,10.1074/jbc.M115.659250,GHSR_HUMAN,Phosphorylation,Downstream,HEK-293T,nan,2,1,0.15805539237558097,0.15805539237558097
10.1021/acschemneuro.9b00429|CNR1_HUMAN|Internalization |Transducer|HEK|nan,10.1021/acschemneuro.9b00429,CNR1_HUMAN,Internalization ,Transducer,HEK,nan,4,6,0.15758110120967928,0.31516220241935855
10.3390/ijms20102417|CCR1_HUMAN|Recruitment |Transducer|HEK-293|Gi1,10.3390/ijms20102417,CCR1_HUMAN,Recruitment ,Transducer,HEK-293,Gi1,5,10,0.15718247027758103,0.20824786114396865
10.1021/acschemneuro.9b00429|CNR1_HUMAN|Accumulation|Downstream|HEK|nan,10.1021/acschemneuro.9b00429,CNR1_HUMAN,Accumulation,Downstream,HEK,nan,4,6,0.15685827763464477,0.2024785382760621
10.1038/s41467-019-11875-6|OPRM_RAT|Dissociation|Transducer|HEK-293|GoA,10.1038/s41467-019-11875-6,OPRM_RAT,Dissociation,Transducer,HEK-293,GoA,25,300,0.15234213100845317,0.5759572712376251
10.1124/mol.110.065664|GLP1R_HUMAN|Phosphorylation|Downstream|CHO|nan,10.1124/mol.110.065664,GLP1R_HUMAN,Phosphorylation,Downstream,CHO,nan,6,15,0.1518435879447706,0.33514749527573073
10.3390/molecules24244542|OPRD_MOUSE|Accumulation|Downstream|HEK-293|nan,10.3390/molecules24244542,OPRD_MOUSE,Accumulation,Downstream,HEK-293,nan,14,91,0.15125207433594312,0.5813233920809733
10.1124/mol.115.098848|OPRM_HUMAN|Activation|Transducer|CHO|nan,10.1124/mol.115.098848,OPRM_HUMAN,Activation,Transducer,CHO,nan,15,105,0.15099720824462715,0.5147805130849363
10.1038/s41598-020-65636-3|ADRB1_HUMAN|Accumulation|Downstream|HEK-293|nan,10.1038/s41598-020-65636-3,ADRB1_HUMAN,Accumulation,Downstream,HEK-293,nan,7,21,0.15098563429823741,0.45404734748590414
10.1038/s41598-020-65636-3|ADRB1_HUMAN|Recruitment |Transducer|HEK-293|Arrestin-3 (β-arrestin-2),10.1038/s41598-020-65636-3,ADRB1_HUMAN,Recruitment ,Transducer,HEK-293,Arrestin-3 (β-arrestin-2),4,6,0.1476212593729036,0.2952425187458072
10.1124/mol.116.106153|HRH3_HUMAN|Signaling|nan|CHO|nan,10.1124/mol.116.106153,HRH3_HUMAN,Signaling,nan,CHO,nan,5,10,0.14474189619920086,0.41999999999999815
10.1038/s41467-019-11875-6|OPRM_RAT|Recruitment |Transducer|HEK-293|Arrestin-2 (β-arrestin-1),10.1038/s41467-019-11875-6,OPRM_RAT,Recruitment ,Transducer,HEK-293,Arrestin-2 (β-arrestin-1),11,55,0.14409641027215248,0.7202716992259468
10.1111/bph.14913|OPRM_HUMAN|Recruitment |Transducer|CHO-K1|Arrestin-3 (β-arrestin-2),10.1111/bph.14913,OPRM_HUMAN,Recruitment ,Transducer,CHO-K1,Arrestin-3 (β-arrestin-2),5,10,0.14255029207086478,0.31685336531489217
10.1038/s41598-020-65636-3|ADRB1_HUMAN|Recruitment |Transducer|HEK-293|G12,10.1038/s41598-020-65636-3,ADRB1_HUMAN,Recruitment ,Transducer,HEK-293,G12,4,6,0.14197600148138756,0.22720680331926157
10.1038/s41467-019-11875-6|OPRD_HUMAN|Dissociation|Transducer|HEK-293|Gi2,10.1038/s41467-019-11875-6,OPRD_HUMAN,Dissociation,Transducer,HEK-293,Gi2,20,190,0.13789860259479703,0.458599784654913
10.1038/s41467-019-11875-6|OPRD_RAT|Recruitment |Transducer|HEK-293|Arrestin-3 (β-arrestin-2),10.1038/s41467-019-11875-6,OPRD_RAT,Recruitment ,Transducer,HEK-293,Arrestin-3 (β-arrestin-2),13,78,0.13678227933313036,1.4246364374648195
10.1016/j.euroneuro.2018.12.013|OPRD_HUMAN|Recruitment |Transducer|U2OS|Arrestin-2 (β-arrestin-1),10.1016/j.euroneuro.2018.12.013,OPRD_HUMAN,Recruitment ,Transducer,U2OS,Arrestin-2 (β-arrestin-1),2,1,0.13312785359970025,0.13312785359970025
10.1161/HYPERTENSIONAHA.114.05099|APJ_HUMAN|Recruitment |Transducer|CHO-K1|nan,10.1161/HYPERTENSIONAHA.114.05099,APJ_HUMAN,Recruitment ,Transducer,CHO-K1,nan,2,1,0.13171047087454557,0.13171047087454557
10.1038/s41467-019-11875-6|OPRM_HUMAN|Dissociation|Transducer|HEK-293|Gi2,10.1038/s41467-019-11875-6,OPRM_HUMAN,Dissociation,Transducer,HEK-293,Gi2,25,300,0.1315587511080034,0.4453830061676767
10.1021/acs.jmedchem.8b01912|FPR2_HUMAN|Accumulation|Downstream|CHO|nan,10.1021/acs.jmedchem.8b01912,FPR2_HUMAN,Accumulation,Downstream,CHO,nan,3,3,0.1299999999999999,0.1399999999999979
10.1016/j.bcp.2016.05.014|OPRM_HUMAN|Recruitment |Transducer|CHO|Arrestin-2 (β-arrestin-1),10.1016/j.bcp.2016.05.014,OPRM_HUMAN,Recruitment ,Transducer,CHO,Arrestin-2 (β-arrestin-1),8,28,0.1273665511844575,0.2812789347215512
10.1021/acs.jmedchem.6b01857|DRD2_HUMAN|Recruitment |Transducer|HEK-293|Arrestin-3 (β-arrestin-2),10.1021/acs.jmedchem.6b01857,DRD2_HUMAN,Recruitment ,Transducer,HEK-293,Arrestin-3 (β-arrestin-2),9,36,0.12710187916606808,0.3395501779805512
10.1002/pep2.24070|OPRM_HUMAN|Recruitment |Transducer|HEK-293|Arrestin-3 (β-arrestin-2),10.1002/pep2.24070,OPRM_HUMAN,Recruitment ,Transducer,HEK-293,Arrestin-3 (β-arrestin-2),12,66,0.12709850794754773,0.5809384602045338
10.1126/scisignal.aar4309|OPRK_HUMAN|Activation|Downstream|CHO|nan,10.1126/scisignal.aar4309,OPRK_HUMAN,Activation,Downstream,CHO,nan,3,3,0.12570555225502567,0.14756215749470059
10.1124/mol.115.098848|OPRM_HUMAN|Recruitment |Transducer|CHO|Arrestin-2 (β-arrestin-1),10.1124/mol.115.098848,OPRM_HUMAN,Recruitment ,Transducer,CHO,Arrestin-2 (β-arrestin-1),14,91,0.12516398987570465,0.3284406508675586
10.1126/scisignal.aat1631|AGTR1_HUMAN|Phosphorylation|Downstream|HEK-293|nan,10.1126/scisignal.aat1631,AGTR1_HUMAN,Phosphorylation,Downstream,HEK-293,nan,7,21,0.12486727754227278,0.3329456753185429
10.1007/s00210-014-1054-5|ADRB2_HUMAN|Accumulation|Downstream|Human neutrophils|nan,10.1007/s00210-014-1054-5,ADRB2_HUMAN,Accumulation,Downstream,Human neutrophils,nan,14,91,0.12443241449078002,0.45890809706966085
10.1021/jm500457x|DRD2_HUMAN|Phosphorylation|Downstream|CHO|nan,10.1021/jm500457x,DRD2_HUMAN,Phosphorylation,Downstream,CHO,nan,7,21,0.12399665636520307,0.4174910872937643
10.1124/mol.116.103283|AA3R_HUMAN|Phosphorylation|Downstream|CHO|nan,10.1124/mol.116.103283,AA3R_HUMAN,Phosphorylation,Downstream,CHO,nan,15,105,0.12390983092951835,0.4592101651170033
10.3390/ijms20102417|CCR1_HUMAN|Phosphorylation|Downstream|HEK-293|nan,10.3390/ijms20102417,CCR1_HUMAN,Phosphorylation,Downstream,HEK-293,nan,5,10,0.1227076958497113,0.24695271890435144
10.1016/j.neuropharm.2019.107718|OPRM_HUMAN|Recruitment |Transducer|HEK-293A|Arrestin-3 (β-arrestin-2),10.1016/j.neuropharm.2019.107718,OPRM_HUMAN,Recruitment ,Transducer,HEK-293A,Arrestin-3 (β-arrestin-2),3,3,0.12263016742589805,0.1766951859255128
10.1126/scisignal.aat1631|AGTR1_HUMAN|Dissociation|Transducer|HEK-293|Gi3,10.1126/scisignal.aat1631,AGTR1_HUMAN,Dissociation,Transducer,HEK-293,Gi3,14,91,0.12147396642280661,0.42244565600115713
10.1021/acs.jmedchem.7b00363|DRD2_HUMAN|Activation|Transducer|HEK-293T|GoA,10.1021/acs.jmedchem.7b00363,DRD2_HUMAN,Activation,Transducer,HEK-293T,GoA,11,55,0.11885278112803643,0.7171910302488382
10.1074/jbc.M112.408534|ACM2_HUMAN|Phosphorylation|Downstream|CHO|nan,10.1074/jbc.M112.408534,ACM2_HUMAN,Phosphorylation,Downstream,CHO,nan,4,6,0.11827828406141316,0.23655656812282633
10.1126/scisignal.aat1631|AGTR1_HUMAN|Recruitment |Transducer|HEK-293|Gq,10.1126/scisignal.aat1631,AGTR1_HUMAN,Recruitment ,Transducer,HEK-293,Gq,12,66,0.11775432348652526,0.3537926385723793
10.1021/acschemneuro.9b00429|CNR1_HUMAN|Phosphorylation|Downstream|HEK|nan,10.1021/acschemneuro.9b00429,CNR1_HUMAN,Phosphorylation,Downstream,HEK,nan,4,6,0.11694984710423917,0.23389969420847834
10.1124/mol.115.098848|OPRM_HUMAN|Recruitment |Transducer|CHO|Arrestin-3 (β-arrestin-2),10.1124/mol.115.098848,OPRM_HUMAN,Recruitment ,Transducer,CHO,Arrestin-3 (β-arrestin-2),15,105,0.11692962839111143,0.3570830465628525
10.1007/s00210-014-1054-5|ADRB2_HUMAN|Accumulation|Downstream|Sf9|nan,10.1007/s00210-014-1054-5,ADRB2_HUMAN,Accumulation,Downstream,Sf9,nan,14,91,0.11655030173282643,0.548848376263936
10.1126/scisignal.aaz3140|OPRM_MOUSE|Activation|Downstream|HEK-293|nan,10.1126/scisignal.aaz3140,OPRM_MOUSE,Activation,Downstream,HEK-293,nan,7,21,0.11645394854992563,0.24897000433601946
10.1021/jm500457x|DRD2_HUMAN|Accumulation|Downstream|CHO|nan,10.1021/jm500457x,DRD2_HUMAN,Accumulation,Downstream,CHO,nan,8,28,0.11613172415382689,0.29771165561694346
10.1038/s41467-019-11875-6|OPRM_RAT|Binding/coupling|Downstream|HEK-293|nan,10.1038/s41467-019-11875-6,OPRM_RAT,Binding/coupling,Downstream,HEK-293,nan,25,300,0.11520823918395573,0.6854884165667805
10.1021/acschemneuro.9b00429|CNR1_HUMAN|Recruitment |Transducer|HEK|Arrestin-3 (β-arrestin-2),10.1021/acschemneuro.9b00429,CNR1_HUMAN,Recruitment ,Transducer,HEK,Arrestin-3 (β-arrestin-2),2,1,0.11490392784678694,0.11490392784678694
10.1038/ncomms13958|CNR2_HUMAN|Accumulation|Downstream|CHO|nan,10.1038/ncomms13958,CNR2_HUMAN,Accumulation,Downstream,CHO,nan,8,28,0.11319569950945896,0.34809822209279595
10.1038/s41467-019-11875-6|OPRM_RAT|Recruitment |Transducer|HEK-293|Arrestin-3 (β-arrestin-2),10.1038/s41467-019-11875-6,OPRM_RAT,Recruitment ,Transducer,HEK-293,Arrestin-3 (β-arrestin-2),18,153,0.11282068349872354,1.5267752536137218
10.1038/nchembio.2527|DRD2_HUMAN|Recruitment |Transducer|HTLA|Arrestin-3 (β-arrestin-2),10.1038/nchembio.2527,DRD2_HUMAN,Recruitment ,Transducer,HTLA,Arrestin-3 (β-arrestin-2),5,10,0.11257506246250903,0.21937120929552556
10.1126/scisignal.aar4309|OPRK_HUMAN|Accumulation|Downstream|CHO|nan,10.1126/scisignal.aar4309,OPRK_HUMAN,Accumulation,Downstream,CHO,nan,3,3,0.11250864041476927,0.18109234767481386
10.1016/j.phrs.2017.08.008|CNR1_HUMAN|Activation|Transducer|CHO|nan,10.1016/j.phrs.2017.08.008,CNR1_HUMAN,Activation,Transducer,CHO,nan,4,6,0.1121185264716269,0.2242370529432538
10.1038/s41467-019-11875-6|OPRD_RAT|Accumulation|Downstream|HEK-293|nan,10.1038/s41467-019-11875-6,OPRD_RAT,Accumulation,Downstream,HEK-293,nan,19,171,0.11095718938140653,0.451658035732148
10.1038/s41467-019-11875-6|OPRM_HUMAN|Recruitment |Transducer|HEK-293|Arrestin-2 (β-arrestin-1),10.1038/s41467-019-11875-6,OPRM_HUMAN,Recruitment ,Transducer,HEK-293,Arrestin-2 (β-arrestin-1),13,78,0.11085756627799004,0.5690421181174719
10.1038/s41467-019-11875-6|OPRM_RAT|Accumulation|Downstream|HEK-293|nan,10.1038/s41467-019-11875-6,OPRM_RAT,Accumulation,Downstream,HEK-293,nan,25,300,0.11080569174794608,0.4792327070607696
10.1038/s41467-019-11875-6|OPRM_HUMAN|Dissociation|Transducer|HEK-293|GoA,10.1038/s41467-019-11875-6,OPRM_HUMAN,Dissociation,Transducer,HEK-293,GoA,25,300,0.10950942664610341,0.5405617095061777
10.1074/jbc.M113.504381|OPRK_HUMAN|Activation|Transducer|CHO-K1|nan,10.1074/jbc.M113.504381,OPRK_HUMAN,Activation,Transducer,CHO-K1,nan,8,28,0.10889735248388632,0.2501714695400512
10.1007/s00210-014-1054-5|ADRB2_HUMAN|Recruitment |Transducer|HEK-293|Arrestin-3 (β-arrestin-2),10.1007/s00210-014-1054-5,ADRB2_HUMAN,Recruitment ,Transducer,HEK-293,Arrestin-3 (β-arrestin-2),12,66,0.1084744195962597,0.3175560637168111
10.1124/mol.110.067454|ADA1A_HUMAN|Accumulation|Downstream|CHO-K1|nan,10.1124/mol.110.067454,ADA1A_HUMAN,Accumulation,Downstream,CHO-K1,nan,7,21,0.10653430621890969,0.27308998699194476
10.1124/mol.116.103283|AA3R_HUMAN|Accumulation|Downstream|CHO|nan,10.1124/mol.116.103283,AA3R_HUMAN,Accumulation,Downstream,CHO,nan,15,105,0.10617997398388823,0.5881007767002933
10.1124/jpet.114.220293|DRD2_HUMAN|Recruitment |Transducer|CHO|Arrestin-3 (β-arrestin-2),10.1124/jpet.114.220293,DRD2_HUMAN,Recruitment ,Transducer,CHO,Arrestin-3 (β-arrestin-2),11,55,0.10615984112985988,0.5825070298853801
10.1126/scisignal.aaz3140|OPRM_HUMAN|Binding/coupling|Transducer|HEK-293|MiniGi,10.1126/scisignal.aaz3140,OPRM_HUMAN,Binding/coupling,Transducer,HEK-293,MiniGi,9,36,0.10562061868779438,0.43873232466935264
10.1016/j.bcp.2015.11.013|AA1R_HUMAN|Phosphorylation|Downstream|CHO|nan,10.1016/j.bcp.2015.11.013,AA1R_HUMAN,Phosphorylation,Downstream,CHO,nan,6,15,0.10419273639371518,0.2678023202055453
10.1016/j.phrs.2018.02.032|APJ_HUMAN|Recruitment |Transducer|HEK-293|Arrestin-2 (β-arrestin-1),10.1016/j.phrs.2018.02.032,APJ_HUMAN,Recruitment ,Transducer,HEK-293,Arrestin-2 (β-arrestin-1),10,45,0.102618979296909,1.0089138936773097
10.1016/j.neuropharm.2019.107718|OPRM_HUMAN|Recruitment |Transducer|HEK-293A|Arrestin-2 (β-arrestin-1),10.1016/j.neuropharm.2019.107718,OPRM_HUMAN,Recruitment ,Transducer,HEK-293A,Arrestin-2 (β-arrestin-1),3,3,0.10202999566398052,0.1494982396749016
10.1021/acs.jmedchem.8b01912|FPR1_HUMAN|Phosphorylation|Downstream|CHO|nan,10.1021/acs.jmedchem.8b01912,FPR1_HUMAN,Phosphorylation,Downstream,CHO,nan,4,6,0.10124287704074231,0.20248575408148461
10.1021/acs.jmedchem.7b00363|DRD2_HUMAN|Recruitment |Transducer|HEK-293|Arrestin-3 (β-arrestin-2),10.1021/acs.jmedchem.7b00363,DRD2_HUMAN,Recruitment ,Transducer,HEK-293,Arrestin-3 (β-arrestin-2),11,55,0.10079856283173871,0.7452619148164779
10.1124/mol.113.089649|OPRK_HUMAN|Recruitment |Transducer|HEK|Arrestin-3 (β-arrestin-2),10.1124/mol.113.089649,OPRK_HUMAN,Recruitment ,Transducer,HEK,Arrestin-3 (β-arrestin-2),31,465,0.10055068615151974,0.7391798732301824
10.1021/acsptsci.0c00022|GLP1R_HUMAN|Accumulation|Downstream|CHO-K1|nan,10.1021/acsptsci.0c00022,GLP1R_HUMAN,Accumulation,Downstream,CHO-K1,nan,14,91,0.09999999999999964,0.20000000000000107
10.1016/j.bcp.2017.03.014|AA2BR_HUMAN|Phosphorylation|Downstream|HEK-293T|nan,10.1016/j.bcp.2017.03.014,AA2BR_HUMAN,Phosphorylation,Downstream,HEK-293T,nan,3,3,0.0962466175302179,0.1625846561970663
10.1038/s41401-018-0200-x|ADRB2_HUMAN|Recruitment |Transducer|CHO-K1|nan,10.1038/s41401-018-0200-x,ADRB2_HUMAN,Recruitment ,Transducer,CHO-K1,nan,19,171,0.0938798199450801,0.3160033436348
10.1038/s41467-019-11875-6|OPRM_HUMAN|Recruitment |Transducer|HEK-293|Arrestin-3 (β-arrestin-2),10.1038/s41467-019-11875-6,OPRM_HUMAN,Recruitment ,Transducer,HEK-293,Arrestin-3 (β-arrestin-2),20,190,0.09184147278559784,0.534484855542944
10.1038/s41467-019-11875-6|OPRD_RAT|Recruitment |Transducer|HEK-293|Arrestin-2 (β-arrestin-1),10.1038/s41467-019-11875-6,OPRD_RAT,Recruitment ,Transducer,HEK-293,Arrestin-2 (β-arrestin-1),6,15,0.08961792836990234,0.21667616340582985
10.1021/acs.jmedchem.6b01875|DRD2_HUMAN|Accumulation|Downstream|HEK-293|nan,10.1021/acs.jmedchem.6b01875,DRD2_HUMAN,Accumulation,Downstream,HEK-293,nan,16,120,0.08727941322969501,0.8027883143817709
10.1126/scisignal.aat1631|AGTR1_HUMAN|Dissociation|Transducer|HEK-293|Gi2,10.1126/scisignal.aat1631,AGTR1_HUMAN,Dissociation,Transducer,HEK-293,Gi2,14,91,0.0845951989355509,0.7251070945061038
10.1074/jbc.M115.659250|GHSR_HUMAN|Dissociation|Transducer|HEK-293T|Gi3,10.1074/jbc.M115.659250,GHSR_HUMAN,Dissociation,Transducer,HEK-293T,Gi3,2,1,0.08390874094431844,0.08390874094431844
10.1038/s41467-019-11875-6|OPRD_HUMAN|Recruitment |Transducer|HEK-293|Arrestin-2 (β-arrestin-1),10.1038/s41467-019-11875-6,OPRD_HUMAN,Recruitment ,Transducer,HEK-293,Arrestin-2 (β-arrestin-1),7,21,0.08387369605076067,0.25775145828364066
10.3389/fphar.2018.01202|CNR2_HUMAN|Accumulation|Downstream|Flp-In-293 |nan,10.3389/fphar.2018.01202,CNR2_HUMAN,Accumulation,Downstream,Flp-In-293 ,nan,6,15,0.0827662661033779,0.25074780849666745
10.1016/j.bcp.2016.05.014|OPRM_HUMAN|Recruitment |Transducer|CHO|Arrestin-3 (β-arrestin-2),10.1016/j.bcp.2016.05.014,OPRM_HUMAN,Recruitment ,Transducer,CHO,Arrestin-3 (β-arrestin-2),8,28,0.08269792877268722,0.24562911966455747
10.1074/jbc.M113.504381|OPRK_HUMAN|Recruitment |Transducer|U2OS|Arrestin-3 (β-arrestin-2),10.1074/jbc.M113.504381,OPRK_HUMAN,Recruitment ,Transducer,U2OS,Arrestin-3 (β-arrestin-2),7,21,0.08241963565126298,0.2005460222117268
10.1124/mol.116.106153|HRH3_HUMAN|Phosphorylation|Downstream|CHO|nan,10.1124/mol.116.106153,HRH3_HUMAN,Phosphorylation,Downstream,CHO,nan,5,10,0.0791232279273002,0.17742512398768007
10.1021/acs.jmedchem.6b01875|DRD2_HUMAN|Recruitment |Transducer|HEK-293|Arrestin-3 (β-arrestin-2),10.1021/acs.jmedchem.6b01875,DRD2_HUMAN,Recruitment ,Transducer,HEK-293,Arrestin-3 (β-arrestin-2),16,120,0.07292274370171148,0.3464458202620788
10.1016/j.bcp.2014.05.008|AA2BR_HUMAN|Phosphorylation|Downstream|HEK-A2B|nan,10.1016/j.bcp.2014.05.008,AA2BR_HUMAN,Phosphorylation,Downstream,HEK-A2B,nan,4,6,0.07257506550016757,0.10634538458108977
10.1124/mol.115.098848|OPRM_HUMAN|Phosphorylation|Downstream|CHO|nan,10.1124/mol.115.098848,OPRM_HUMAN,Phosphorylation,Downstream,CHO,nan,15,105,0.07005105797786015,0.22685778399259604
10.1124/mol.116.106153|HRH3_HUMAN|Activation|Transducer|CHO|nan,10.1124/mol.116.106153,HRH3_HUMAN,Activation,Transducer,CHO,nan,5,10,0.06611738671015654,0.13586166088545326
10.1074/jbc.M115.659250|GHSR_HUMAN|Dissociation|Transducer|HEK-293T|Gi2,10.1074/jbc.M115.659250,GHSR_HUMAN,Dissociation,Transducer,HEK-293T,Gi2,2,1,0.06472749489669294,0.06472749489669294
10.1038/s41401-018-0200-x|ADRB2_HUMAN|Accumulation|Downstream|HEK-293|nan,10.1038/s41401-018-0200-x,ADRB2_HUMAN,Accumulation,Downstream,HEK-293,nan,19,171,0.06286288295950371,0.2418487496163566
10.1126/scisignal.aar4309|OPRK_HUMAN|Activation|Transducer|CHO|nan,10.1126/scisignal.aar4309,OPRK_HUMAN,Activation,Transducer,CHO,nan,3,3,0.062340090971276574,0.07499630779114774
10.1021/acs.jmedchem.8b01912|FPR2_HUMAN|Phosphorylation|Downstream|CHO|nan,10.1021/acs.jmedchem.8b01912,FPR2_HUMAN,Phosphorylation,Downstream,CHO,nan,3,3,0.0600000000000005,0.07000000000000028
10.1007/s00210-014-1054-5|ADRB2_HUMAN|Activation|Downstream|Sf9|Gs,10.1007/s00210-014-1054-5,ADRB2_HUMAN,Activation,Downstream,Sf9,Gs,14,91,0.059956035545181585,0.26584599724611735
10.1074/jbc.M115.659250|GHSR_HUMAN|Dissociation|Transducer|HEK-293T|GoB,10.1074/jbc.M115.659250,GHSR_HUMAN,Dissociation,Transducer,HEK-293T,GoB,2,1,0.05782702104880855,0.05782702104880855
10.1038/s41598-020-65636-3|ADRB1_HUMAN|Dissociation|Transducer|HEK-293|Gi2,10.1038/s41598-020-65636-3,ADRB1_HUMAN,Dissociation,Transducer,HEK-293,Gi2,3,3,0.05730216471050387,0.06180836786698407
10.1021/acsptsci.9b00083|CALRL_HUMAN|Phosphorylation|Downstream|COS-7|nan,10.1021/acsptsci.9b00083,CALRL_HUMAN,Phosphorylation,Downstream,COS-7,nan,19,171,0.05606233805644045,0.3266889361259073
10.1038/s41598-017-01078-8|LSHR_HUMAN|Recruitment |Transducer|HEK-293|Arrestin-3 (β-arrestin-2),10.1038/s41598-017-01078-8,LSHR_HUMAN,Recruitment ,Transducer,HEK-293,Arrestin-3 (β-arrestin-2),2,1,0.055870140546303126,0.055870140546303126
10.1073/pnas.1908662116|OPRM_MOUSE|Recruitment |Transducer|AtT20|Arrestin-3 (β-arrestin-2),10.1073/pnas.1908662116,OPRM_MOUSE,Recruitment ,Transducer,AtT20,Arrestin-3 (β-arrestin-2),4,6,0.05430008588095836,0.10860017176191672
10.1016/j.bcp.2017.03.018|GLP1R_HUMAN|Accumulation|Downstream|CHO|nan,10.1016/j.bcp.2017.03.018,GLP1R_HUMAN,Accumulation,Downstream,CHO,nan,10,45,0.052656819455080495,0.2506099933550878
10.1038/s41467-019-11875-6|OPRM_HUMAN|Accumulation|Downstream|HEK-293|nan,10.1038/s41467-019-11875-6,OPRM_HUMAN,Accumulation,Downstream,HEK-293,nan,25,300,0.052411479922020554,0.17373101862386964
10.1038/s41467-018-03941-2|GLP1R_HUMAN|Accumulation|Downstream|CHO-K1|nan,10.1038/s41467-018-03941-2,GLP1R_HUMAN,Accumulation,Downstream,CHO-K1,nan,12,66,0.05237251763537376,0.13758225997592177
10.1124/mol.110.065664|GLP1R_HUMAN|Accumulation|Downstream|CHO|nan,10.1124/mol.110.065664,GLP1R_HUMAN,Accumulation,Downstream,CHO,nan,6,15,0.05227123303956738,0.1290780923760737
10.1126/scisignal.aat1631|AGTR1_HUMAN|Recruitment |Transducer|HEK-293|Arrestin-3 (β-arrestin-2),10.1126/scisignal.aat1631,AGTR1_HUMAN,Recruitment ,Transducer,HEK-293,Arrestin-3 (β-arrestin-2),14,91,0.04660957610687433,0.24678011675408662
10.1021/jm401318w|DRD2_HUMAN|Accumulation|Downstream|CHO|nan,10.1021/jm401318w,DRD2_HUMAN,Accumulation,Downstream,CHO,nan,20,190,0.046013496575040946,0.29639041618816897
10.1016/j.bcp.2017.03.018|GLP1R_HUMAN|Recruitment |Transducer|CHO|Arrestin-3 (β-arrestin-2),10.1016/j.bcp.2017.03.018,GLP1R_HUMAN,Recruitment ,Transducer,CHO,Arrestin-3 (β-arrestin-2),7,21,0.045788758288392906,0.30439982823808176
10.1016/j.bcp.2016.05.014|OPRM_MOUSE|Recruitment |Transducer|AtT20|Arrestin-2 (β-arrestin-1),10.1016/j.bcp.2016.05.014,OPRM_MOUSE,Recruitment ,Transducer,AtT20,Arrestin-2 (β-arrestin-1),8,28,0.04482872690884454,0.2677933739869296
10.1038/s41598-017-15258-z|OPRM_HUMAN|Accumulation|Downstream|CHO-K1|nan,10.1038/s41598-017-15258-z,OPRM_HUMAN,Accumulation,Downstream,CHO-K1,nan,5,10,0.04421813958498522,0.09348109584952269
10.1021/acsptsci.9b00083|CALRL_HUMAN|Accumulation|Downstream|COS-7|nan,10.1021/acsptsci.9b00083,CALRL_HUMAN,Accumulation,Downstream,COS-7,nan,19,171,0.043380615886471574,0.3051910797574324
10.1038/ncomms13958|CNR2_MOUSE|Recruitment |Transducer|CHO-K1|nan,10.1038/ncomms13958,CNR2_MOUSE,Recruitment ,Transducer,CHO-K1,nan,4,6,0.04328892884884317,0.08657785769768633
10.1126/scisignal.aat1631|AGTR1_HUMAN|Dissociation|Transducer|HEK-293|Gq,10.1126/scisignal.aat1631,AGTR1_HUMAN,Dissociation,Transducer,HEK-293,Gq,10,45,0.04153588321183843,0.4755944992695147
10.1016/j.bcp.2017.03.018|GLP1R_HUMAN|Recruitment |Transducer|CHO|Arrestin-2 (β-arrestin-1),10.1016/j.bcp.2017.03.018,GLP1R_HUMAN,Recruitment ,Transducer,CHO,Arrestin-2 (β-arrestin-1),9,36,0.03887696642587812,0.12463623584101402
10.1016/j.bcp.2017.03.014|AA2BR_HUMAN|Accumulation|Downstream|CHO|nan,10.1016/j.bcp.2017.03.014,AA2BR_HUMAN,Accumulation,Downstream,CHO,nan,3,3,0.038545262646001,0.07180302179276676
10.1016/j.bcp.2016.05.014|OPRM_MOUSE|Recruitment |Transducer|AtT20|Arrestin-3 (β-arrestin-2),10.1016/j.bcp.2016.05.014,OPRM_MOUSE,Recruitment ,Transducer,AtT20,Arrestin-3 (β-arrestin-2),8,28,0.03849752959635344,0.2672019178704437
10.1161/HYPERTENSIONAHA.114.05099|APJ_HUMAN|Internalization |Transducer|U2OS|nan,10.1161/HYPERTENSIONAHA.114.05099,APJ_HUMAN,Internalization ,Transducer,U2OS,nan,2,1,0.03776554358298867,0.03776554358298867
10.1016/j.bcp.2017.03.018|GLP1R_HUMAN|Phosphorylation|Downstream|CHO|nan,10.1016/j.bcp.2017.03.018,GLP1R_HUMAN,Phosphorylation,Downstream,CHO,nan,10,45,0.03712803567823997,0.2909100130080571
10.1038/ncomms13958|CNR2_MOUSE|Activation|Transducer|CHO-K1|nan,10.1038/ncomms13958,CNR2_MOUSE,Activation,Transducer,CHO-K1,nan,4,6,0.036375904456935615,0.06943400833439739
10.1021/acs.jmedchem.6b01857|DRD2_HUMAN|Dissociation|Transducer|HEK-293|GoA,10.1021/acs.jmedchem.6b01857,DRD2_HUMAN,Dissociation,Transducer,HEK-293,GoA,15,105,0.03569179293887892,0.2634279935629369
10.1126/scisignal.aat1631|AGTR1_HUMAN|Dissociation|Transducer|HEK-293|G12,10.1126/scisignal.aat1631,AGTR1_HUMAN,Dissociation,Transducer,HEK-293,G12,14,91,0.03559980033935517,0.2671710157872509
10.1021/jm401318w|DRD2_HUMAN|Phosphorylation|Downstream|CHO|nan,10.1021/jm401318w,DRD2_HUMAN,Phosphorylation,Downstream,CHO,nan,8,28,0.03490782821975458,0.21626572414473166
10.1016/j.bcp.2017.03.014|AA2BR_HUMAN|Accumulation|Downstream|HEK-293T|nan,10.1016/j.bcp.2017.03.014,AA2BR_HUMAN,Accumulation,Downstream,HEK-293T,nan,3,3,0.030256416783967843,0.04794126459768666
10.1126/science.1232808|5HT1B_HUMAN|Recruitment |Transducer|HTLA|nan,10.1126/science.1232808,5HT1B_HUMAN,Recruitment ,Transducer,HTLA,nan,2,1,0.028163930952418426,0.028163930952418426
10.1021/acsptsci.0c00022|GLP1R_HUMAN|Internalization |Transducer|HEK-293|nan,10.1021/acsptsci.0c00022,GLP1R_HUMAN,Internalization ,Transducer,HEK-293,nan,7,21,0.027438248346938643,0.17833877346160332
10.1016/j.neuropharm.2019.107718|OPRM_HUMAN|Dissociation|Transducer|HEK-293A|Gi2,10.1016/j.neuropharm.2019.107718,OPRM_HUMAN,Dissociation,Transducer,HEK-293A,Gi2,6,15,0.023590881094943228,0.057783731116741954
10.3389/fphar.2018.01202|CNR2_HUMAN|Internalization |Transducer|Flp-In-293 |nan,10.3389/fphar.2018.01202,CNR2_HUMAN,Internalization ,Transducer,Flp-In-293 ,nan,6,15,0.023136555421464422,0.06541261742702531
10.1016/j.bcp.2016.05.014|OPRM_MOUSE|Accumulation|Downstream|AtT20|nan,10.1016/j.bcp.2016.05.014,OPRM_MOUSE,Accumulation,Downstream,AtT20,nan,8,28,0.021613037846248684,0.0730000000000004
10.1074/jbc.M116.757559|CCR2_HUMAN|Accumulation|Downstream|CHO-K1|nan,10.1074/jbc.M116.757559,CCR2_HUMAN,Accumulation,Downstream,CHO-K1,nan,2,1,0.021313820814907736,0.021313820814907736
10.1016/j.neuropharm.2019.107718|OPRM_HUMAN|Dissociation|Transducer|HEK-293A|GoA,10.1016/j.neuropharm.2019.107718,OPRM_HUMAN,Dissociation,Transducer,HEK-293A,GoA,6,15,0.017788284485632744,0.05696536777480077
10.1038/s41598-020-65636-3|ADRB1_HUMAN|Dissociation|Transducer|HEK-293|Gz,10.1038/s41598-020-65636-3,ADRB1_HUMAN,Dissociation,Transducer,HEK-293,Gz,4,6,0.015253232071036127,0.02648654462556088
10.1074/jbc.M115.659250|GHSR_HUMAN|Accumulation|Downstream|HEK-293T|nan,10.1074/jbc.M115.659250,GHSR_HUMAN,Accumulation,Downstream,HEK-293T,nan,2,1,0.011027514549663664,0.011027514549663664
10.1126/science.1232808|5HT1B_HUMAN|Accumulation|Downstream|HEK-293T|nan,10.1126/science.1232808,5HT1B_HUMAN,Accumulation,Downstream,HEK-293T,nan,2,1,0.009999999999999787,0.009999999999999787
10.1101/2020.11.09.375162|CNR2_HUMAN|Recruitment |Transducer|HEK-293SL|Arrestin-2 (β-arrestin-1),10.1101/2020.11.09.375162,CNR2_HUMAN,Recruitment ,Transducer,HEK-293SL,Arrestin-2 (β-arrestin-1),25,300,0.003979839974184163,0.2212073852852443
10.1101/2020.11.09.375162|CNR1_HUMAN|Recruitment |Transducer|HEK-293SL|Gz,10.1101/2020.11.09.375162,CNR1_HUMAN,Recruitment ,Transducer,HEK-293SL,Gz,8,28,0.0029003785279106964,0.11478808269220764
10.1101/2020.11.09.375162|CNR1_HUMAN|Recruitment |Transducer|HEK-293SL|G13,10.1101/2020.11.09.375162,CNR1_HUMAN,Recruitment ,Transducer,HEK-293SL,G13,8,28,0.002629721102337168,0.0753673988817587
10.1101/2020.11.09.375162|CNR2_HUMAN|Recruitment |Transducer|HEK-293SL|Arrestin-3 (β-arrestin-2),10.1101/2020.11.09.375162,CNR2_HUMAN,Recruitment ,Transducer,HEK-293SL,Arrestin-3 (β-arrestin-2),29,406,0.0016483368832345136,0.007235728480748271
10.1101/2020.11.09.375162|CNR1_HUMAN|Recruitment |Transducer|HEK-293SL|Gi2,10.1101/2020.11.09.375162,CNR1_HUMAN,Recruitment ,Transducer,HEK-293SL,Gi2,8,28,0.001608879800786056,0.1799204307385427
10.1101/2020.11.09.375162|CNR1_HUMAN|Recruitment |Transducer|HEK-293SL|GoB,10.1101/2020.11.09.375162,CNR1_HUMAN,Recruitment ,Transducer,HEK-293SL,GoB,8,28,0.0015421450956640825,0.3641824353350316
10.1101/2020.11.09.375162|CNR2_HUMAN|Recruitment |Transducer|HEK-293SL|GoA,10.1101/2020.11.09.375162,CNR2_HUMAN,Recruitment ,Transducer,HEK-293SL,GoA,32,496,0.0015049356624170507,0.17728476420167638
10.1101/2020.11.09.375162|CNR1_HUMAN|Recruitment |Transducer|HEK-293SL|G12,10.1101/2020.11.09.375162,CNR1_HUMAN,Recruitment ,Transducer,HEK-293SL,G12,8,28,0.0013189563321613917,0.20042268082220716
10.1101/2020.11.09.375162|CNR2_HUMAN|Recruitment |Transducer|HEK-293SL|Gi3,10.1101/2020.11.09.375162,CNR2_HUMAN,Recruitment ,Transducer,HEK-293SL,Gi3,33,528,0.0012065539299066508,0.17206969123179938
10.1101/2020.11.09.375162|CNR1_HUMAN|Recruitment |Transducer|HEK-293SL|Arrestin-2 (β-arrestin-1),10.1101/2020.11.09.375162,CNR1_HUMAN,Recruitment ,Transducer,HEK-293SL,Arrestin-2 (β-arrestin-1),7,21,0.0011820536182147734,0.003196273831961527
10.1101/2020.11.09.375162|CNR1_HUMAN|Recruitment |Transducer|HEK-293SL|Gi3,10.1101/2020.11.09.375162,CNR1_HUMAN,Recruitment ,Transducer,HEK-293SL,Gi3,8,28,0.0011252259008127652,0.01888965365488815
10.1101/2020.11.09.375162|CNR1_HUMAN|Recruitment |Transducer|HEK-293SL|Gi1,10.1101/2020.11.09.375162,CNR1_HUMAN,Recruitment ,Transducer,HEK-293SL,Gi1,8,28,0.0009591566770854598,0.0023059677728891614
10.1101/2020.11.09.375162|CNR1_HUMAN|Recruitment |Transducer|HEK-293SL|GoA,10.1101/2020.11.09.375162,CNR1_HUMAN,Recruitment ,Transducer,HEK-293SL,GoA,8,28,0.0007745892658546083,0.06301288432049379
10.1101/2020.11.09.375162|CNR2_HUMAN|Recruitment |Transducer|HEK-293SL|Gi1,10.1101/2020.11.09.375162,CNR2_HUMAN,Recruitment ,Transducer,HEK-293SL,Gi1,33,528,0.0007730883393315402,0.2191008988337524
10.1101/2020.11.09.375162|CNR1_HUMAN|Recruitment |Transducer|HEK-293SL|G15,10.1101/2020.11.09.375162,CNR1_HUMAN,Recruitment ,Transducer,HEK-293SL,G15,7,21,0.000753959287108863,0.08809480008947457
10.1101/2020.11.09.375162|CNR2_HUMAN|Recruitment |Transducer|HEK-293SL|GoB,10.1101/2020.11.09.375162,CNR2_HUMAN,Recruitment ,Transducer,HEK-293SL,GoB,33,528,0.0007020225392198043,0.0025833681992013524
10.1101/2020.11.09.375162|CNR1_HUMAN|Recruitment |Transducer|HEK-293SL|Arrestin-3 (β-arrestin-2),10.1101/2020.11.09.375162,CNR1_HUMAN,Recruitment ,Transducer,HEK-293SL,Arrestin-3 (β-arrestin-2),8,28,0.0006723700526900522,0.002358934386329281
10.1101/2020.11.09.375162|CNR2_HUMAN|Recruitment |Transducer|HEK-293SL|Gi2,10.1101/2020.11.09.375162,CNR2_HUMAN,Recruitment ,Transducer,HEK-293SL,Gi2,33,528,0.0005353854040199835,0.002887114156929549
10.1074/jbc.M115.659250|GHSR_HUMAN|Dissociation|Transducer|HEK-293T|GoA,10.1074/jbc.M115.659250,GHSR_HUMAN,Dissociation,Transducer,HEK-293T,GoA,2,1,7.145906602623597e-05,7.145906602623597e-05
