cell,method,ainf_rms,ainf_max,foot_dex,g_dex,ta_dex
1,1,0.0364,0.0763,,0.1507,0.4221
1,2,0.2237,0.4654,,0.0591,0.1149
1,3,0.388,0.8219,,0.2518,0.2636
1,4,0.2166,0.4531,,0.2308,0.0375
2,1,0.04,0.0864,1.5016,0.1894,0.222
2,2,0.1301,0.2719,1.3678,0.0805,-0.4766
2,3,0.2557,0.5564,0.616,0.1961,-0.0283
2,4,0.0755,0.1616,1.0402,0.2898,-0.1676
3,1,0.0356,0.0778,1.3062,0.1505,-0.0361
3,2,0.0446,0.0976,0.9201,0.0763,-0.5962
3,3,0.1289,0.2856,0.5042,0.0761,-0.2524
3,4,0.0265,0.0572,0.7829,0.2137,-0.2316
4,1,0.0326,0.0718,1.03,0.1166,0.2251
4,2,0.0616,0.128,0.7432,0.0678,-0.3989
4,3,0.1483,0.3226,0.2706,0.0082,-0.038
4,4,0.0761,0.1635,0.437,0.1961,-0.2567
5,1,0.0313,0.0698,2.1167,0.0869,0.3721
5,2,0.124,0.2635,1.8447,0.0325,-0.6357
5,3,0.3112,0.6841,0.7401,0.1026,0.1646
5,4,0.1515,0.3308,1.3157,0.1589,0.0617
6,1,0.0555,0.0951,0.8763,0.02,0.2055
6,2,0.0607,0.0942,0.7656,0.024,-0.2003
6,3,0.1382,0.2698,0.3661,0.0828,-0.0569
6,4,0.052,0.0778,0.8901,0.0425,-0.3644
7,1,0.0149,0.0333,,0.0896,-0.6144
7,2,0.0798,0.169,,0.0514,-1.1691
7,3,0.1772,0.3851,,-0.088,-0.7434
7,4,0.1218,0.2658,,0.1333,-0.9755
8,1,0.0319,0.0557,1.3199,0.2413,-0.0149
8,2,0.1033,0.1879,1.1588,0.0655,-0.3222
8,3,0.2594,0.5127,1.07,0.0066,-0.4466
8,4,0.2065,0.3979,1.0508,0.1355,-0.734
9,1,0.0623,0.1361,1.5328,0.1974,0.2831
9,2,0.0902,0.1745,1.2798,0.0743,-0.003
9,3,0.2154,0.457,0.6283,0.2989,0.3809
9,4,0.1345,0.2868,0.6142,0.2355,-0.0277
