cell,EK,dEK_mV,g_Pr2,g_Pr3,g_Pr5,g_Pr7,r_5v7,r_2v7,r_3v7,pr2_nonmono,bracket_-60,bracket_-40
16713003,-85.56906755332353,-1.4230544861630392,0.07813401306373897,0.0302889956016959,0.07932684271428576,0.07706010564305156,0.012590569226851946,0.006010530748133003,-0.40554472791079516,False,True,True
16715049,-83.55792604618215,0.5880870209783495,0.04192109505339002,0.018649686305167324,0.04629702736923079,0.047387547050657945,-0.01011112182643235,-0.05323160997533914,-0.40499269743427735,False,True,True
16708016,-85.3016671520311,-1.155654084870605,0.06387614567392752,0.01646762264178889,0.06177681045918371,0.06752249478911189,-0.038622998129187756,-0.024109777360735187,-0.6128175735087309,False,True,True
16708060,-85.63153319394027,-1.4855201267797753,0.04454459304654218,0.017842637672163146,0.047175822993197294,0.049576086024423476,-0.021552751458816223,-0.04647724109702844,-0.4438131803115894,False,True,True
16713110,-87.73519482651945,-3.589181759358951,0.098425103168019,0.034508818781114864,0.10571486226326536,0.09621637608733323,0.04088705276251324,0.00985688316369835,-0.4453189016490141,False,True,True
16708118,-89.36887706756742,-5.222864000406929,0.024614883802950304,0.01065528421932231,0.019799937795918376,0.01791796126897605,0.04337523237547807,0.1379091964870103,-0.22572355490877408,False,True,True
16704007,-86.58813979100917,-2.4421267238486735,0.017802147935099,0.049442063247704206,0.11424795368631371,0.1159878209398375,-0.006563959338720561,-0.8139399837468264,-0.37031580359642347,True,True,True
16704047,-87.63091675458135,-3.4849036874208537,0.12340366348694495,0.030431871658931155,0.07205576822740527,0.12122302771840826,-0.22591637413666651,0.007742925862313716,-0.600256463234421,False,True,True
16707014,-83.51826582903678,0.6277472381237175,0.026480405339728584,0.01312168942293471,0.02988340672380954,0.02735385409650476,0.038411579664840705,-0.014093897463706269,-0.31902877186266454,True,True,True
