original_chinese,english_alias
对账_p53_Batchelor2011_双臂结构_v01,reconciliation_p53_Batchelor2011_two_arm_structure_v01
P7_FCD-Weber判决_趋化单细胞FRET_v01,P7_FCD_Weber_verdict_chemotaxis_single_cell_FRET_v01
报告_细胞线3_尺度简并框架与趋化受体层断裂_详细报告,report_cell_line3_scale_degeneracy_chemotaxis_rupture_detailed
报告_细胞线4_GPCR偏向性断裂审计_详细报告,report_cell_line4_GPCR_bias_fracture_audit_detailed
P3_免费统计量充分性_NFkB空间梯度_v01,P3_free_statistic_sufficiency_NFkB_spatial_gradient_v01
P4_ERK重裁_GPCR-KTR轨迹级_v01,P4_ERK_readjudication_GPCR_KTR_trajectory_level_v01
P6_FCD归属裁决_NFkB序贯网格_v01,P6_FCD_attribution_adjudication_NFkB_sequential_grid_v01
P5_边界预测器首测_GPCR钙瞬态_v01,P5_boundary_predictor_first_test_GPCR_calcium_transient_v01
Cα1_CaV12失活温度律与电荷载子判决,Ca1_CaV12_inactivation_temperature_law_carrier_verdict
Nα4_Nav15单通道负40单点锚定判决,Na4_Nav15_single_channel_minus40_anchor_verdict
论文_细胞通讯审计_2026-09-23,paper_cellular_communication_audit_2026-09-23
α模型_StageB_B3双α化宿主复验,alpha_model_StageB_B3_dual_alpha_host_recheck
Nα3_Nav15激活脚部可携带性判决,Na3_Nav15_activation_foot_portability_verdict
model62_对外版_数学形式与参数,model62_external_math_form_and_parameters
先案检索_正式轮_2026-09-23,prior_art_search_formal_round_2026-09-23
公开数据审计_三数据集清单与裁决报告,public_data_audit_three_dataset_ruling_report
拓扑选择定理_脉冲可观测量与回路拓扑,topology_selection_theorem_pulse_observables_circuit_topology
α模型_StageB_三向对拍判词卡,alpha_model_StageB_three_way_comparison_verdict_card
Kir2.1与Kv4.3数据集可行性,Kir21_Kv43_dataset_availability
协议伪影检验_原始FRET坐标分析,protocol_artifact_test_raw_FRET_coordinate_analysis
α模型_双协议前向收官判词_待审计,alpha_model_two_protocol_forward_closure_verdict_pending_audit
α模型_B6悬案_三候选判决汇总卡,alpha_model_B6_open_case_three_candidate_verdict_summary
Cα5_CaV12药物形状调制判决,Ca5_CaV12_drug_shape_modulation_verdict
Kα1_IKs激活去激活恒定性判决,Ka1_IKs_activation_deactivation_constancy_verdict
Nα1_Nav15失活快分量恒定性,Na1_Nav15_inactivation_fast_component_constancy
Nα药_Nav15药物形状调制判决,Na_drug_Nav15_drug_shape_modulation_verdict
CaV12_α模型_数学形式与参数,CaV12_alpha_model_math_form_and_parameters
GLM预言检验_开关化IκB降解,GLM_prediction_test_switched_IkB_degradation
α模型_药物卡5_形状不变性判决,alpha_model_drug_card5_shape_invariance_verdict
Kα2_IKs跨论文τact对拍,Ka2_IKs_cross_paper_tau_act_comparison
Nα2_Nav15整通道一次验证,Na2_Nav15_whole_channel_validation
PdPC可辨识性审计研究备忘录,PdPC_identifiability_audit_memo
TrackC_实验数据落点报告,TrackC_experimental_data_placement_report
α模型_CiPA跨实验室核实卡,alpha_model_CiPA_cross_lab_verification_card
α模型_药物卡6_形状变形分解,alpha_model_drug_card6_shape_deformation_decomposition
τrec网格量化_连续精修复核,tau_rec_grid_quantization_continuum_refinement_recheck
审计回执_StageB重算复核,audit_receipt_StageB_recompute_recheck
P2_幅度分层衰减预言_v01,P2_amplitude_stratified_decay_prediction_v01
p53_Fisher分层_S7,p53_Fisher_stratification_S7
p53_Fisher审计_结果,p53_Fisher_audit_results
NC手稿_v11_全文_EN,NC_manuscript_v11_fulltext_EN
TrackB_定理严格化报告,TrackB_theorem_rigorisation_report
α模型_战役收官判词_待审计,alpha_model_campaign_closure_verdict_pending_audit
Kα药_IKs药物表分解判决,Ka_drug_IKs_drug_table_decomposition_verdict
加药臂稳健性_IKs与CaV,drug_arm_robustness_IKs_and_CaV
先案检索_已有工作vs本框架,prior_art_search_existing_work_vs_this_framework
Cα3_CDI结构形式判决,Ca3_CDI_structure_verdict
α模型_正式组装_模型卡,alpha_model_formal_assembly_model_card
Cα4_斜坡弦电导温度律,Ca4_ramp_chord_conductance_temperature_law
检索记录_正式轮_v01,search_log_formal_round_v01
混合配体验证臂_P1P2,mixed_ligand_validation_arm_P1P2
p53_Fisher审计,p53_Fisher_audit
P53-Fisher审计,P53_Fisher_audit
Lei211_α群体判决,Lei211_alpha_population_verdict
_archive_旧版本,_archive_old_versions
Cα4_斜坡IV温度律,Ca4_ramp_IV_temperature_law
Kα3_IKs前向验证,Ka3_IKs_forward_validation
失败细胞登记表_四通道,failed_cell_register_four_channels
细胞线4_审计数据总账,cell_line4_audit_data_ledger
NFκB负反馈振子审计,NFkB_negative_feedback_oscillator_audit
补充信息_SI_v02,supplementary_information_SI_v02
ORd三通道α化组装,ORd_three_channel_alpha_assembly
NFκB尖峰模式审计,NFkB_spiky_mode_audit
非对称Km简并群分析,asymmetric_Km_degeneracy_group_analysis
NFκB饱和瞬态检验,NFkB_saturated_transient_test
PdPC可辨识性审计,PdPC_identifiability_audit
Lei211_α群体,Lei211_alpha_population
05_主线纲领与设计,05_programme_design
Gamma族_V3,Gamma_family_V3
S27_噪声集中界,S27_noise_concentration_bound
文档审计与修改报告,doc_audit_and_revision_reports
P8前瞻队列登记,P8_prospective_cohort_registry
噪声标定与稳健性,noise_calibration_robustness
Lei温度Q10,Lei_temperature_Q10
盲裁决_本机原件,blind_adjudication_local_originals
代码编号对账表,code_number_reconciliation_table
判别图_v09,discrimination_diagram_v09
p53机制模型,p53_mechanism_model
_全文.txt,_fulltext.txt
预注册判决卡_,preregistered_verdict_card_
02_细胞线2,02_cell_line_2
03_细胞线3,03_cell_line_3
04_细胞线4,04_cell_line_4
p53信号线,p53_signalling_line
Kv43探针,Kv43_probe
01_细胞线,01_cell_line_1
A3论文素材,A3_paper_materials
FCD归属,FCD_attribution
数值核查_,numeric_check_
云端复核,cloud_recheck
勘误重裁,errata_readjudication
预注册_,preregistration_
判词卡_,verdict_card_
探路卡_,recon_card_
封卷卡_,closure_card_
侦察卡_,feasibility_card_
验证卡_,verification_card_
模型卡_,model_card_
代码与图,code_and_figures
散落文件,loose_files
判别图,discrimination_diagram
_归档,_archive
手稿,manuscript
结果,results
代码,code

判词卡_Kα4_Zenodo10421153真值对拍_2026-09-26.md,verdict_card_Ka4_Zenodo10421153_truth_comparison_2026-09-26.md
判词卡_Kα5_VCF物理锚_2026-09-26.md,verdict_card_Ka5_VCF_mechanistic_anchors_2026-09-26.md
判词卡_Kα6_金标准管线测试_2026-09-26.md,verdict_card_Ka6_goldstandard_pipeline_test_2026-09-26.md
判词卡_Goentoro2009_foldchange_2026-09-27.md,verdict_Goentoro2009_foldchange_2026-09-27.md
判词卡_GPCR-Ca级联审计_Keshelava2018_2026-09-27.md,verdict_GPCR_Ca_cascade_Keshelava2018_2026-09-27.md
判词卡_P9_Bcd剖面绝对锚检验_2026-09-27.md,verdict_card_P9_Bcd_anchor_test_2026-09-27.md
判词卡_P10_增益囚禁跨系统通则_2026-09-27.md,verdict_card_P10_gain_confinement_2026-09-27.md
判词卡_Bergmann2010_轴线12_2026-09-27.md,verdict_card_Bergmann2010_axis12_2026-09-27.md
代码51r3_p53_Fisher审计_结果.json,code51r3_p53_Fisher_audit_results.json
代码51r4A_噪声标定与稳健性.json,code51r4A_noise_calibration_robustness.json
代码51r4B_Fisher_M4000.json,code51r4B_Fisher_M4000.json
代码52_TrackC2_结果.json,code52_TrackC2_results.json
数值核查_S27_Gamma族_V3.py,numeric_check_S27_Gamma_family_V3.py
数值核查_S27_噪声集中界.py,numeric_check_S27_noise_concentration_bound.py