arm,stat,pair,auc,n
k=2,ta,D1↔D2,0.6290335305719921,195
k=2,ta,D2↔D3,0.6585667324128862,195
k=2,ta,D5↔D6,0.568310322156476,195
k=2,ta,D6↔D7,0.5190795529257067,195
k=2,cnt,D1↔D2,0.6294543063773833,195
k=2,cnt,D2↔D3,0.6585930309007232,195
k=2,cnt,D5↔D6,0.5703353057199211,195
k=2,cnt,D6↔D7,0.5216568047337278,195
k=4,ta,D1↔D2,0.6290335305719921,195
k=4,ta,D2↔D3,0.6585667324128862,195
k=4,ta,D5↔D6,0.5684286653517423,195
k=4,ta,D6↔D7,0.5196581196581197,195
k=4,cnt,D1↔D2,0.6294543063773833,195
k=4,cnt,D2↔D3,0.6585930309007232,195
k=4,cnt,D5↔D6,0.5703353057199211,195
k=4,cnt,D6↔D7,0.5216568047337278,195
脱敏校正,ta,D1↔D2,0.5877712031558185,195
脱敏校正,ta,D2↔D3,0.6818408941485865,195
脱敏校正,ta,D5↔D6,0.5698224852071005,195
脱敏校正,ta,D6↔D7,0.5195266272189349,195
脱敏校正,cnt,D1↔D2,0.6006706114398422,195
脱敏校正,cnt,D2↔D3,0.6433925049309664,195
脱敏校正,cnt,D5↔D6,0.5714924391847469,195
脱敏校正,cnt,D6↔D7,0.5155818540433925,195
"单实验(experiment_11.dot,n=29)",ta,D1↔D2,0.5005945303210464,29
"单实验(experiment_11.dot,n=29)",ta,D2↔D3,0.6064209274673008,29
"单实验(experiment_11.dot,n=29)",ta,D5↔D6,0.6450653983353151,29
"单实验(experiment_11.dot,n=29)",ta,D6↔D7,0.5838287752675386,29
"单实验(experiment_11.dot,n=29)",cnt,D1↔D2,0.5,29
"单实验(experiment_11.dot,n=29)",cnt,D2↔D3,0.6064209274673008,29
"单实验(experiment_11.dot,n=29)",cnt,D5↔D6,0.6046373365041617,29
"单实验(experiment_11.dot,n=29)",cnt,D6↔D7,0.5856123662306778,29
