section,stat,key,auc,lo,hi,n
中区对,ta,D3↔D4,0.6044707429322814,0.5663224852071006,0.6438566732412886,195
中区对,ta,D4↔D5,0.5264036817882972,0.49330473372781064,0.5602018408941486,195
中区对,cnt,D3↔D4,0.5695989480604865,0.5355381328073636,0.6037149901380671,195
中区对,cnt,D4↔D5,0.6255226824457594,0.5952258382642998,0.6569533201840895,195
中区对,pk,D3↔D4,0.5403155818540434,0.5077179487179487,0.5717981591058514,195
中区对,pk,D4↔D5,0.6165680473372781,0.5933839579224195,0.6443931623931624,195
响应率,cnt,D1(100.0nM),0.015384615384615385,0.020512820512820513,nan,195
响应率,cnt,D2(250.0nM),0.2717948717948718,0.8666666666666667,nan,195
响应率,cnt,D3(500.0nM),0.5435897435897435,2.241025641025641,nan,195
响应率,cnt,D4(750.0nM),0.7692307692307693,2.6974358974358976,nan,195
响应率,cnt,D5(1500.0nM),0.8256410256410256,3.6205128205128205,nan,195
响应率,cnt,D6(3000.0nM),0.8923076923076924,4.133333333333334,nan,195
响应率,cnt,D7(10000.0nM),0.9179487179487179,4.358974358974359,nan,195
