arm,ligand,channel,residual,sd,residual_m1,delta_arm
Nb33,Morphine,logtau,0.031139649179880824,0.10200019749790762,0.07575234452646515,-0.04461269534658433
Nb33,Morphine,logR,-0.021258348719074505,0.09231726273891384,0.023354346627509827,-0.04461269534658433
Nb33,Oxycodone,logtau,0.19202321470540562,0.1457499734712198,0.23663591005198994,-0.04461269534658433
Nb33,Oxycodone,logR,0.024901959985743183,0.19156239610796086,0.06951465533232751,-0.04461269534658433
Nb33,Oliceridine,logtau,-0.19982129683496322,0.18639210749760768,-0.1552086014883789,-0.04461269534658433
Nb33,Oliceridine,logR,-0.1132492903979001,0.36225729760251496,-0.06863659505131578,-0.04461269534658433
Nb33,PZM21,logtau,-0.1173919071185563,0.08920853383352804,-0.07277921177197197,-0.04461269534658433
Nb33,PZM21,logR,0.44021640338319035,0.40681661860719015,0.4848290987297747,-0.04461269534658433
Nb33,SR-17018,logtau,-0.2579400086720376,0.26575086056729563,-0.21332731332545327,-0.04461269534658433
Nb33,SR-17018,logR,0.31897000433601796,0.6132572549003791,0.3635826996826023,-0.04461269534658433
Nb33,Buprenorphine,logtau,-0.1657416282398418,0.11263059520841896,-0.12112893289325746,-0.04461269534658433
Nb33,Buprenorphine,logR,-0.09497334797081791,0.2983213719850593,-0.05036065262423358,-0.04461269534658433
mGsi,Morphine,logtau,0.09794000867203756,0.20248816664469366,0.15390122765408093,-0.05596121898204336
mGsi,Morphine,logR,-0.04308998699194433,0.2555511504866529,0.012871231990099034,-0.05596121898204336
mGsi,Oxycodone,logtau,0.1728787452803376,0.11370338360619404,0.22883996426238096,-0.05596121898204336
mGsi,Oxycodone,logR,0.0049387366082997985,0.17217568899372687,0.06089995559034316,-0.05596121898204336
mGsi,Oliceridine,logtau,-0.13737409606942272,0.13152563960296823,-0.08141287708737935,-0.05596121898204336
mGsi,Oliceridine,logR,0.23242982390206368,0.23968356676945826,0.28839104288410705,-0.05596121898204336
mGsi,PZM21,logtau,-0.1147621062592119,0.11818912066282419,-0.05880088727716854,-0.05596121898204336
mGsi,PZM21,logR,-0.006003343634799485,0.19802837204797896,0.04995787534724388,-0.05596121898204336
mGsi,SR-17018,logtau,-0.10115468770742003,0.18630774506992498,-0.04519346872537667,-0.05596121898204336
mGsi,SR-17018,logR,-0.09406804435027638,0.5133484405523091,-0.03810682536823302,-0.05596121898204336
mGsi,Buprenorphine,logtau,-0.15012252678340013,0.07548352358421877,-0.09416130780135676,-0.05596121898204336
mGsi,Buprenorphine,logR,-0.20630250076728807,0.20691107348570267,-0.1503412817852447,-0.05596121898204336
GPA,Morphine,logtau,0.049803919971486366,1.129526142625672,0.0012240721154616885,0.04857984785602468
GPA,Morphine,logR,0.08877392430750497,1.5709718053477013,0.04019407645148029,0.04857984785602468
GPA,Oliceridine,logtau,0.3966723333413884,0.30249963304278726,0.34809248548536376,0.04857984785602468
GPA,Oliceridine,logR,-0.10941892571429435,0.3790288685767004,-0.15799877357031902,0.04857984785602468
GPA,PZM21,logtau,0.3916295844346702,0.37703399033962665,0.34304973657864557,0.04857984785602468
GPA,PZM21,logR,-0.09449845124356848,0.4689430179929382,-0.14307829909959316,0.04857984785602468
GPA,SR-17018,logtau,0.4657347720157322,0.4395685298152697,0.41715492415970756,0.04857984785602468
GPA,SR-17018,logR,-1.3453298350107676,0.6678902212395914,-1.3939096828667923,0.04857984785602468
GPA,Buprenorphine,logtau,0.054592203443477816,0.29524654564178715,0.006012355587453139,0.04857984785602468
GPA,Buprenorphine,logR,-0.14762709129044183,0.24610444111971194,-0.1962069391464665,0.04857984785602468
cAMP,Morphine,logtau,0.4903495204534176,0.6726598121238002,-0.01789420648212292,0.5082437269355405
cAMP,Oliceridine,logtau,0.5016295844346703,0.29228046869980623,-0.006614142500870224,0.5082437269355405
cAMP,PZM21,logtau,0.719840696594043,0.45084830855070196,0.2115969696585025,0.5082437269355405
cAMP,SR-17018,logtau,0.8273919071185563,0.3568341353341122,0.3191481801830157,0.5082437269355405
cAMP,Buprenorphine,logtau,0.5616295844346704,0.5074350268971842,0.05338585749912983,0.5082437269355405
GIRK,Morphine,logtau,-0.7753014261025438,0.1719361939279468,0.029834773585677987,-0.8051361996882218
GIRK,Morphine,logR,-1.0244826721501692,0.24273217752482096,-0.21934647246194738,-0.8051361996882218
GIRK,Oliceridine,logtau,-0.6942583717601583,0.10320982706874576,0.11087782792806355,-0.8051361996882218
GIRK,Oliceridine,logR,-0.799231719730976,0.16916397542429087,0.005904479957245856,-0.8051361996882218
GIRK,PZM21,logtau,-0.9683704155653297,0.11536912090336923,-0.16323421587710785,-0.8051361996882218
GIRK,PZM21,logR,-1.0544984512435684,0.16177383981140162,-0.24936225155534664,-0.8051361996882218
GIRK,SR-17018,logtau,-0.8296719218682742,0.2139756489125579,-0.0245357221800524,-0.8051361996882218
GIRK,SR-17018,logR,-0.8220946026904805,0.26885044947336767,-0.016958403002258704,-0.8051361996882218
GIRK,Buprenorphine,logtau,-0.6796359281413945,0.13282308575045565,0.1255002715468273,-0.8051361996882218
GIRK,Buprenorphine,logR,-0.7023937598229688,0.23993826534141083,0.102742439865253,-0.8051361996882218
GRK2rec,Morphine,logtau,-0.07806501849961353,0.13558837423330522,0.03202526383042319,-0.11009028233003672
GRK2rec,Oxycodone,logtau,-0.029877473216599892,0.2057659914919847,0.08021280911343683,-0.11009028233003672
GRK2rec,Oliceridine,logtau,-0.12390874094431872,0.18800813217998436,-0.013818458614282006,-0.11009028233003672
GRK2rec,PZM21,logtau,-0.1201225267834001,0.1717848636139518,-0.010032244453363384,-0.11009028233003672
GRK2rec,SR-17018,logtau,-0.14193184507759132,0.1849553973548095,-0.031841562747554605,-0.11009028233003672
GRK2rec,Buprenorphine,logtau,-0.1598255349109507,0.13417100582245003,-0.04973525258091398,-0.11009028233003672
BarrGRK2,Morphine,logtau,-0.02797678529459441,0.09353725624776188,-0.012691062043711595,-0.015285723250882814
BarrGRK2,Morphine,logR,0.044901959985743645,0.2055123725630056,0.06018768323662646,-0.015285723250882814
BarrGRK2,Oxycodone,logtau,-0.06017446508904928,0.14036331003295668,-0.04488874183816646,-0.015285723250882814
BarrGRK2,Oxycodone,logR,0.02266750356873093,0.161605267262842,0.037953226819613745,-0.015285723250882814
BarrGRK2,Oliceridine,logtau,-0.010178703165036801,0.06132370051066585,0.005107020085846013,-0.015285723250882814
BarrGRK2,Oliceridine,logR,0.026572006437062257,0.1229752040897339,0.04185772968794507,-0.015285723250882814
BarrGRK2,PZM21,logtau,-0.048068154922408665,0.09358009602730225,-0.03278243167152585,-0.015285723250882814
BarrGRK2,PZM21,logR,-0.030852011642143573,0.12943132409714075,-0.01556628839126076,-0.015285723250882814
BarrGRK2,SR-17018,logtau,-0.02262590393057731,0.19312947437656916,-0.007340180679694495,-0.015285723250882814
BarrGRK2,SR-17018,logR,0.5298039199714859,0.6927858488031275,0.5450896432223687,-0.015285723250882814
BarrGRK2,Buprenorphine,logtau,-0.01193498150038641,0.09797063461808386,0.0033507417504964037,-0.015285723250882814
