section,param,mu_d_over_T,het_cv,ratio_lit,ipi_cv,cv_T,cv_t1,cv_ratio,sd_t1_over_T,N_mean,frac_valid,pass_P2p
literature_matched_delay_ratio,,0.0,,0.001717609932430553,,,,,,,,
literature_matched_delay_ratio,,0.1,,0.0627007082908853,,,,,,,,
literature_matched_delay_ratio,,0.25,,0.3652056107870728,,,,,,,,
literature_matched_delay_ratio,,0.5,,1.4025319171198414,,,,,,,,
literature_matched_delay_ratio,,0.73,,3.0147092808931526,,,,,,,,
delay_scaling_sweep,,0.0,,0.11925035298556445,,0.016001766932151006,0.02942045034709502,1.8385751068516678,0.005525833273783843,,,False
delay_scaling_sweep,,0.1,,64.18884023271362,,0.013668686390761086,0.34394649812046707,25.16309821497893,0.10950599026683326,,,True
delay_scaling_sweep,,0.25,,192.99072286752005,,0.019452083498586934,0.5560780195053563,28.587067269465077,0.27049607715863533,,,True
delay_scaling_sweep,,0.5,,1289.6079552863036,,0.01510363506554776,0.7072550480658367,46.82680990347318,0.5422442194703803,,,True
delay_scaling_sweep,,0.73,,1952.6066243858402,,0.01793155252279967,0.7719703843247008,43.050950738546106,0.7920097488083498,,,True
delay_scaling_sweep,,1.0,,4521.307818252008,,0.016137055298126347,0.8161098260583463,50.57365244036213,1.085355973659362,,,True
heterogeneity_sweep,a,,0.05,,0.08347024373563137,0.01702363289103593,,,,9.1,1.0,
heterogeneity_sweep,a,,0.1,,0.08385053325438668,0.021946693800416174,,,,9.3475,1.0,
heterogeneity_sweep,a,,0.2,,0.0894239948214446,0.03793117113879735,,,,10.1625,0.96,
heterogeneity_sweep,eps,,0.05,,0.0864311626718617,0.04459557178115002,,,,9.01,1.0,
heterogeneity_sweep,eps,,0.1,,0.08400282701577756,0.07855738862999186,,,,9.0,1.0,
heterogeneity_sweep,eps,,0.2,,0.08335790021584014,0.15719634056143675,,,,9.0275,1.0,
heterogeneity_sweep,s,,0.05,,0.08305081960349021,0.05174654207581381,,,,9.0225,1.0,
heterogeneity_sweep,s,,0.1,,0.08278857241157937,0.10072843607029408,,,,9.035,1.0,
heterogeneity_sweep,s,,0.2,,0.08322285234435853,0.20259809867556894,,,,9.1175,1.0,
heterogeneity_sweep,tau_r,,0.05,,0.08549291196508677,0.01843513666921695,,,,9.0325,1.0,
heterogeneity_sweep,tau_r,,0.1,,0.08587780305207542,0.01762489659199426,,,,9.035,1.0,
heterogeneity_sweep,tau_r,,0.2,,0.08562124944089375,0.0188242356709739,,,,9.0875,1.0,
calib_sigma_sweep,sigma,,0.06,,0.08511266413026855,0.016001766932151006,,,,9.04,1.0,
calib_sigma_sweep,sigma,,0.15,,0.12980297309774194,0.05183521645796105,,,,9.3725,1.0,
calib_sigma_sweep,sigma,,0.2,,0.21721737685213205,0.09036970262907548,,,,9.77,1.0,
calib_sigma_sweep,sigma,,0.25,,0.316279162345465,0.11136955564185397,,,,10.39,1.0,
calib_sigma_sweep,sigma,,0.3,,0.42531704932005027,0.14977910959069043,,,,11.05,1.0,
calib_sigma_sweep,sigma,,0.5,,0.6824228080831465,0.13426194734066374,,,,14.7625,1.0,
calib_sigma_sweep,sigma,,0.8,,0.4210078320456958,0.0742366807092475,,,,19.47,1.0,
calib_sigma_sweep,sigma,,1.2,,0.3167984813823441,0.05986443319307414,,,,23.34,1.0,
