clause,metric,value,CI_lo,CI_hi,frozen_line,verdict
P5-1,clause_verdict,,,,"hit iff 4/4 tau-AUC in [0.40,0.60); falsified iff >=2 units outside [0.40,0.60]","证伪（2/4 单元出 [0.40,0.60] 带）"
P5-2,clause_verdict,,,,hit iff 4/4 count-AUC >= 0.60; falsified iff 4/4 < 0.60,中间态（2/4 单元达线）
P5-3,clause_verdict,,,,>=3/4 units peak-AUC >= 0.60 -> calibration pass,数据集级弱解码限定（仅 2/4 单元 peak-AUC≥0.60）
overall,clause_verdict,,,,,P5 证伪（边界预测器在本形态上死亡，死亡侧见分款）
P5-1,ta D1↔D2,0.6290335305719921,0.5977495069033532,0.6623823142669296,"hit iff 4/4 tau-AUC in [0.40,0.60); falsified iff >=2 units outside [0.40,0.60]",
P5-1,ta D2↔D3,0.6585667324128862,0.6254102564102564,0.6919720578566733,"hit iff 4/4 tau-AUC in [0.40,0.60); falsified iff >=2 units outside [0.40,0.60]",
P5-1,ta D5↔D6,0.5677449046679816,0.5388902038132808,0.5993172255095333,"hit iff 4/4 tau-AUC in [0.40,0.60); falsified iff >=2 units outside [0.40,0.60]",
P5-1,ta D6↔D7,0.5196581196581197,0.4874667981591058,0.5540328731097961,"hit iff 4/4 tau-AUC in [0.40,0.60); falsified iff >=2 units outside [0.40,0.60]",
P5-2,cnt D1↔D2,0.6294543063773833,0.5977718606180145,0.6620910585141355,hit iff 4/4 count-AUC >= 0.60; falsified iff 4/4 < 0.60,
P5-2,cnt D2↔D3,0.6585930309007232,0.6261357659434582,0.6914434582511505,hit iff 4/4 count-AUC >= 0.60; falsified iff 4/4 < 0.60,
P5-2,cnt D5↔D6,0.5703353057199211,0.5498037475345168,0.5929628533859302,hit iff 4/4 count-AUC >= 0.60; falsified iff 4/4 < 0.60,
P5-2,cnt D6↔D7,0.5216568047337278,0.5013671926364234,0.5429720578566732,hit iff 4/4 count-AUC >= 0.60; falsified iff 4/4 < 0.60,
pk,pk D1↔D2,0.7307034845496384,0.6922084155161078,0.7701255752794214,,
pk,pk D2↔D3,0.7436949375410914,0.7161729125575279,0.7759513477975016,,
pk,pk D5↔D6,0.5512820512820513,0.5312541091387245,0.571413872452334,,
pk,pk D6↔D7,0.5234845496383957,0.5089799474030243,0.5383606180144641,,
