title,authors,year,citations,abstract,result_id,publication_info,pdf_links,url,total_results,search_time
Digital Pulse-Width and Pulse-Density Modulator Based on Binary Counting,V Viegas,2025,2,"… Pulse-width modulation is a digital signaling technique that varies the width of a square wave pulse to encode a … By rapidly switching the digital signal on and off at a high frequency, the …",l5OGtlFajXwJ,"V Viegas - Electronics, 2025 - mdpi.com",[],https://www.mdpi.com/2079-9292/14/22/4516,unknown,unknown
"A pulsed decimal technique for single-channel, dynamic signaling for IoT applications","S Muzaffar, IM Elfadel",2017,12,"… data rate, low-power dynamic signaling that does not require any clock and data … pulse count for the d-th encoded data segment DSd, and ΦC is the combined CFlags flag pulse count. …",f80mBCvwjPUJ,"S Muzaffar, IM Elfadel - … on Very Large Scale Integration (VLSI …, 2017 - ieeexplore.ieee.org",[],https://ieeexplore.ieee.org/abstract/document/8203491/,unknown,unknown
Pulsed Decimal Encoding for IoT Single-Channel Dynamic Signaling,"S Muzaffar, IAM Elfadel",2017,0,"… , high-data rate, low-power dynamic signaling that does not require any clock and data recovery. It … , we have one start pulse, one CFlags with pulse count of 14, four sub-segments with …",nTOJd40jodIJ,"S Muzaffar, IAM Elfadel - IFIP/IEEE International Conference on Very Large …, 2017 - Springer",['https://inria.hal.science/hal-02319784/file/479099_1_En_6_Chapter.pdf'],https://link.springer.com/chapter/10.1007/978-3-030-15663-3_6,unknown,unknown
Digital pulse interval modulation for optical communications,"Z Ghassemlooy, AR Hayes, NL Seed…",1998,295,"… Thus, a DPIM encoded pulse stream has a higher average … and count the number of slots between adjacent pulses. The … communication engineering and digital signal processing, and …",xNBNlZxWitgJ,"Z Ghassemlooy, AR Hayes, NL Seed… - IEEE …, 1998 - ieeexplore.ieee.org",['https://www.academia.edu/download/76491645/5ec59c44a7fa82aa3ba2c6e4fa2357236a84.pdf'],https://ieeexplore.ieee.org/abstract/document/735885/,unknown,unknown
Evaluation of digital pulse processing techniques for a β-γ coincidence counting system,"MT Durán, Y Nedjadi, F Juget, F Bochud…",2020,9,"… dCFD were implemented to extract pulse timestamps from the shaping filter output signals. … showed, the use of different pulse processing systems does not improve it significantly. This is …",6mttfWBSr70J,"MT Durán, Y Nedjadi, F Juget, F Bochud… - Applied Radiation and …, 2020 - Elsevier",['https://www.academia.edu/download/104881289/j.apradiso.2020.10910020230809-1-ob183s.pdf'],https://www.sciencedirect.com/science/article/pii/S0969804319303409,unknown,unknown
Digital processing of signals: theory and practice,M Bellanger,2000,549,"… studying digital signal processing, where the signal was the … which are of most use in the sampling and coding of a signal. … expansion of a train of pulses correspond to the values of the …",_Gyu4VrhaLcJ,M Bellanger - 2000 - books.google.com,[],https://books.google.com/books?hl=en&lr=&id=ZJWoEAAAQBAJ&oi=fnd&pg=PR11&dq=counting+encoding+digital+signaling+dose+information+pulses&ots=ofk9A8x498&sig=ZVoNFrmiOF35OXPVEKaRf9NwAGc,unknown,unknown
A survey of coding schemes for transmission or recording of digital data,H Kobayashi,1971,143,"… signal can be generated in various ways. Probably t’he simplest way is to use the binary input {ak} to drive a binary counter… wit,h pulse amplitude modulation (PAM) signal transmission. …",23qk69nteagJ,"H Kobayashi - IEEE Transactions on Communication …, 1971 - ieeexplore.ieee.org",['http://hisashikobayashi.com/papers/PRML/A%20Survey%20of%20Coding%20Schemes%20for%20Transmission%20or%20Recording%20of%20Digital%20Data.pdf'],https://ieeexplore.ieee.org/abstract/document/1090770/,unknown,unknown
Pulse-modulation imaging—Review and performance analysis,"DG Chen, D Matolin, A Bermak…",2011,120,"… pulse density modulation (PDM), encodes the information … Instead of connecting the output signal to a counter, the information that … This pixel does not rely on external timing signals and …",EQEI_6kUDsEJ,"DG Chen, D Matolin, A Bermak… - IEEE transactions on …, 2011 - ieeexplore.ieee.org",['https://www.researchgate.net/profile/Christoph-Posch-2/publication/224215021_Pulse-Modulation_Imaging-Review_and_Performance_Analysis/links/09e41502a1c7349a6d000000/Pulse-Modulation-Imaging-Review-and-Performance-Analysis.pdf'],https://ieeexplore.ieee.org/abstract/document/5701724/,unknown,unknown
A Fully Digital 816 SiPM Array for PET Applications With Per-Pixel TDCs and Real-Time Energy Output,"LHC Braga, L Gasparini, L Grant…",2013,258,"… pulses are the main noise source of digital SPAD-based sensors, and they are characterized by their occurrence rate, known as the dark count … is obtained by encoding its four internal …",vxW68OFmmsQJ,"LHC Braga, L Gasparini, L Grant… - IEEE Journal of Solid …, 2013 - ieeexplore.ieee.org",['https://ieeexplore.ieee.org/iel7/4/6690141/06642135.pdf'],https://ieeexplore.ieee.org/abstract/document/6642135/,unknown,unknown
Dose-to-duration encoding and signaling beyond saturation in intracellular signaling networks,"M Behar, N Hao, HG Dohlman…",2008,72,"… do not have square pulse shapes, dose-to-duration encoding is still … -pulse activity profile is easily generated if the pathway contains a downstream component with switch-like signal-…",LjYYtM2netUJ,"M Behar, N Hao, HG Dohlman… - PLoS computational …, 2008 - journals.plos.org",['https://journals.plos.org/plosone/article/file?id=10.1371/journal.pcbi.1000197&type=printable'],https://journals.plos.org/ploscompbiol/article?id=10.1371/journal.pcbi.1000197,unknown,unknown
Investigation of FPGA-based real-time adaptive digital pulse shaping for high-count-rate applications,"S Saxena, AI Hawari",2017,49,… the resolution for different shaping times at various count rates. … DIGITAL SIGNAL PROCESSING ALGORITHMS A … time of an incoming pulse increases and ZCD does not occur …,Q_fQggg1MpQJ,"S Saxena, AI Hawari - IEEE Transactions on Nuclear Science, 2017 - ieeexplore.ieee.org",[],https://ieeexplore.ieee.org/abstract/document/7894249/,unknown,unknown
Digital pulse processing,MMS McCormick,2012,4,… analog signals are encoded as a series of digital pulses in … a digital signal processing framework so that a whole suite of … Counting networks perform the counting operations in pulse-…,ZpeDYne-x3gJ,MMS McCormick - 2012 - dspace.mit.edu,['https://dspace.mit.edu/bitstream/handle/1721.1/78468/834089219-MIT.pdf'],https://dspace.mit.edu/handle/1721.1/78468,unknown,unknown
Signal coding and processing,"G Wade, JG Wade",1994,136,"… of coding which does not necessarily involve digital signals. Rather, we could view it as the transformation of a message signal or symbol into another signal … 2Bm log, M pulses/s. At this …",3jWwnnplCncJ,"G Wade, JG Wade - 1994 - books.google.com",[],https://books.google.com/books?hl=en&lr=&id=CJswCy7_W8YC&oi=fnd&pg=PR13&dq=counting+encoding+digital+signaling+dose+information+pulses&ots=5Aj7CGx1Dw&sig=zro4O2wdtFTftcNnixUvbq8G9GI,unknown,unknown
Signal encoding and digital signal processing in continuous time,M Kurchuk,2011,14,"… (TFF), converts a pulseencoded token signal to a TFF-encoded signal. When the TFF output … a one-shot circuit, which produces a test pulse with a pulse width of TD. When the next token …",cdAbby1hzj4J,M Kurchuk - 2011 - search.proquest.com,['https://academiccommons.columbia.edu/doi/10.7916/D8ZP4D5B/download'],https://search.proquest.com/openview/5af5164cf0de6e28d71b2b093d38a9d7/1?pq-origsite=gscholar&cbl=18750,unknown,unknown
Neutron coincidence counting with digital signal processing,"J Bagi, L Dechamp, P Dransart, Z Dzbikowicz…",2009,17,… count rates) the size of the pulse file can be very large and the processing time increases exponentially with the counting … counts the clock pulses between consecutive detector pulses. …,Qzis4TTjV1kJ,"J Bagi, L Dechamp, P Dransart, Z Dzbikowicz… - Nuclear Instruments and …, 2009 - Elsevier",['https://www.academia.edu/download/48564093/j.nima.2009.07.02920160904-6268-15qq5tn.pdf'],https://www.sciencedirect.com/science/article/pii/S0168900209014211,unknown,unknown
Digital signal processing and applications,D Stranneby,2004,226,"… of this chapter is information theory and source coding. Some common … While of theoretical interest, this filter does not provide a … If we choose the input signal x(n) as the unit pulse d(n) …",WrXAk41BAlgJ,D Stranneby - 2004 - books.google.com,[],https://books.google.com/books?hl=en&lr=&id=NKK1DdqcDVUC&oi=fnd&pg=PP1&dq=counting+encoding+digital+signaling+dose+information+pulses&ots=3QW_DXKcyC&sig=HU0cbeymch5Or2jWcwdYHQCSEvQ,unknown,unknown
Predictive quantizing systems (differential pulse code modulation) for the transmission of television signals,JB O'Neal Jr,1966,360,… used to encode analog signals into digital pulses suitable for … objection does not apply to television channels whose signal … We may think of DPCM as a counter-trade. For a given …,Ct8MnUKnwHEJ,"JB O'Neal Jr - Bell System Technical Journal, 1966 - Wiley Online Library",['https://mirrors.meulie.net/bitsavers.org/magazines/Bell_System_Technical_Journal/BSTJ_V45N05_196605.pdf#page=31'],https://onlinelibrary.wiley.com/doi/abs/10.1002/j.1538-7305.1966.tb01052.x,unknown,unknown
Comparative analysis of digital pulse processing methods at high count rates,"J Kamleitner, S Coda, S Gnesin, P Marmillod",2014,32,"… a digital signal processor (DSP) was triggered by an analog … : the signal s is written as the sum of a clean pulse signal s c and … signal s c that does not originate from noise, such as pulse …",K3YfERLwH4EJ,"J Kamleitner, S Coda, S Gnesin, P Marmillod - Nuclear Instruments and …, 2014 - Elsevier",[],https://www.sciencedirect.com/science/article/pii/S0168900213013697,unknown,unknown
Digital signal processing: a practical guide for engineers and scientists,S Smith,2003,1665,"… the human brain does well, but digital computers do poorly. … A common method of obtaining information about a remote … pulses of radio waves, and examining the received signal for …",yip-FPTYVc0J,S Smith - 2003 - books.google.com,[],https://books.google.com/books?hl=en&lr=&id=PCrcintuzAgC&oi=fnd&pg=PP1&dq=counting+encoding+digital+signaling+dose+information+pulses&ots=TwOWg9SGbM&sig=BTQadnSWCdte6x7pmEubvHXyeAg,unknown,unknown
Digital information processing in molecular systems,K Szaciłowski,2008,933,"… digital device is characterized by signal rise time and signal fall time (Figure 2c). These times limit the rate of information processing, as the pulse … All the information is encoded in series …",fVbKQXHp6K8J,"K Szaciłowski - Chemical reviews, 2008 - ACS Publications",[],https://pubs.acs.org/doi/full/10.1021/cr068403q,unknown,unknown
