package_filename,original_path,NC_logical_number_if_any,si_section,one_line_description
code04_pdpc_identifiability_audit.py,01_细胞线\代码与图\代码4_PdPC可辨识性审计.py,4,S2.1-S2.3,PdPC identifiability audit (numerical core of Theorems 1-3)
code06_nfkB_negative_feedback_oscillator_audit.py,01_细胞线\代码与图\代码6_NFκB负反馈振子审计.py,6,S6.1,NF-kB negative-feedback oscillator audit (soft mode)
code09_nfkB_spike_mode_audit.py,01_细胞线\代码与图\代码9_NFκB尖峰模式审计.py,9,S6.1,NF-kB spike-mode dose audit (with erratum log)
code10_asymmetric_Km_degeneracy_group.py,01_细胞线\代码与图\代码10_非对称Km简并群分析.py,10,S2 (EDFig. 2),Asymmetric Michaelis K_m degeneracy-group analysis
code11_discrimination_map_v09.py,01_细胞线\代码与图\代码11_判别图_v09.py,11,S3.4/S6,Discrimination map v0.9 with experimental landing points
code12_nfkB_GLM_prediction_test_switchlike_IkB.py,01_细胞线\代码与图\代码12_GLM预言检验_开关化IκB降解.py,12,S6.2,NF-kB class-transfer parameter-unreachability test (rejected patch 1)
code13_p53_fisher_stratification_S7.py,01_细胞线\代码与图\代码13_p53_Fisher分层_S7.py,13,S4.4,p53 Fisher stratification (audit step-3 closure)
code15_nfkB_saturation_transient_test.py,01_细胞线\代码与图\代码15_NFκB饱和瞬态检验.py,15,S6.2,NF-kB saturation-transient hypothesis test (rejected patch 2)
code44_P2_blind_adjudication_amplitude_stratification.py,01_细胞线\代码与图\代码44_P2盲裁决_幅度分层衰减.py,,S7.1,P2 blind adjudication: Msn2 amplitude-stratification decay (Hansen & Zechner 2021)
code44b_P2_CI_recompute.py,01_细胞线\代码与图\代码44b_CI补算_v012.py,,S7.1,P2 erratum 44b: bootstrap CI recomputation (frozen verdict untouched)
code45_P3_blind_adjudication_free_statistic_sufficiency.py,01_细胞线\代码与图\代码45_P3盲裁决_免费统计量充分性.py,,S7.2,P3 blind adjudication: free-statistic sufficiency on NF-kB spatial gradient (Son 2022)
code46_P4_blind_adjudication_ERK_GPCR_KTR.py,01_细胞线\代码与图\代码46_P4盲裁决_ERK重裁_GPCR_KTR.py,,S7.3,P4 blind adjudication: ERK re-adjudication on GPCR-KTR dose series (Chavez-Abiega 2022)
code47_P5_blind_adjudication_boundary_predictor.py,01_细胞线\代码与图\代码47_P5盲裁决_边界预测器_GPCR钙瞬态.py,,S7.4,P5 blind adjudication: boundary predictor on GPCR->Ca2+ transients (voided by erratum 47b)
code47b_P5_erratum_readjudication.py,01_细胞线\代码与图\代码47b_P5勘误重裁_GPCR钙瞬态.py,,S7.4,P5 erratum 47b: authoritative re-adjudication (Keshelava 2018)
code48_P6_blind_adjudication_FCD_attribution.py,02_细胞线2\代码与图\代码48_P6盲裁决_FCD归属_NFkB序贯网格.py,,S7.5,P6 blind adjudication: fold-change attribution on NF-kB sequential grid (Wang 2022)
code49_P7_blind_adjudication_FCD_Weber.py,02_细胞线2/代码与图/代码49_P7盲裁决_FCD-Weber_趋化FRET.py,,S7.6,"P7 blind adjudication, first pass: FCD/Weber attribution on chemotaxis FRET (Moore 2024)"
code49b_P7_erratum_readjudication.py,03_细胞线3\代码与图\代码49b_P7勘误重裁_FCD-Weber_趋化FRET.py,,S7.6,"P7 erratum 49b: unit-definition correction, 30 units"
code50_p53_cascade_framework_selfcheck.py,03_细胞线3\代码与图\代码50_p53级联_框架自检仿真.py,,S1.9,p53 cascade framework self-check simulation
code51r1_p53_fisher_audit.py,03_细胞线3\代码与图\代码51_p53脉冲发生器_Fisher审计.py,16 (r1 archive),S4.1-S4.3,"p53 pulse-generator Fisher audit, revision 1 (archived lineage)"
code51r2_p53_fisher_audit.py,03_细胞线3\代码与图\代码51r2_p53_Fisher审计.py,16 (r2 archive),S4.1-S4.3,"p53 Fisher audit, revision 2 (archived lineage)"
code51r3_p53_fisher_audit.py,03_细胞线3\代码与图\代码51r3_p53_Fisher审计.py,16,S4.1-S4.3,"p53 channel-level identifiability audit, definitive r3 (94.2%/5.5%, lambda7/lambda1=4.7e-19)"
code51r4_p53_fisher_wrapup.py,03_细胞线3\代码与图\代码51r4_p53_Fisher收尾.py,,S4.3/S4.6,p53 Fisher wrap-up: noise calibration and M=4000 robustness (51r4A/51r4B outputs)
code52_TrackC2_discrimination_diagram.py,03_细胞线3\代码与图\代码52_TrackC2_判别图.py,17,S3.4,"TrackC2 source-figure digitisation bootstrap re-check (8.6 sigma, tau_r ~ 7.7 h)"
code52_protocol_artifact_test_raw_FRET_coordinate_analysis.py,03_细胞线3\代码与图\代码52_协议伪影检验_原始FRET坐标分析.py,,S8.1/S8.3,Chemotaxis-line script sharing number 52: protocol-artefact test on raw FRET coordinates (distinct from TrackC2)
code51chemo_receptor_layer_selfcheck.py,03_细胞线3\代码与图\代码51_趋化受体层_框架自检仿真.py,,S1.9/S8.1,Chemotaxis receptor-layer framework self-check simulation (chemotaxis version of code 51)
code53_CheA_node_mechanism_kernel_competition.py,03_细胞线3\代码与图\代码53_CheA节点机制检验与核模型竞赛.py,,S8.3,CheA-node mechanism test and kernel-model race
code54_K12_joint_fit_rupture_quantification.py,03_细胞线3\代码与图\代码54_K12联合拟合_断裂度定量.py,,S8.2,K1/2 joint fit and rupture quantification (Pareto front)
code55_multispecies_local_adaptation_joint_test.py,03_细胞线3\代码与图\代码55_多物种与局部适应_联合检验.py,,S8.3,Multi-species and local-adaptation joint test (double-recorded pipeline error)
code56_FRET_readout_nonlinearity_test.py,03_细胞线3\代码与图\代码56_FRET读数层非线性检验.py,,S8.3,FRET readout-layer nonlinearity test
code57_TCS_depletion_robustness_gain_retuning.py,03_细胞线3\代码与图\代码57_TCS耗竭稳健性与增益重调检验.py,,S8.3,TCS-depletion robustness and gain-retuning test (double-recorded pipeline error)
code58_P8_independent_arm_serine_Lasp.py,03_细胞线3\代码与图\代码58_P8独立臂检验_丝氨酸与Lasp.py,,S8.6/S8.7,P8 independent-arm test (serine and L-aspartate)
code59_residual_waterfall_window_structure_rhoF.py,03_细胞线3\代码与图\代码59_残差瀑布_窗内时间结构_与rhoF复核.py,,S8.3,"Residual waterfall, within-window time structure and rho_F re-check (double-recorded pipeline error)"
code60_heterogeneous_population_censoring_test.py,03_细胞线3\代码与图\代码60_异质群体删失统计检验.py,,S8.3/S8.5,Heterogeneous-population censored-statistics test
code61_rowwise_Hill_steepness_test.py,03_细胞线3\代码与图\代码61_逐行Hill陡峭度检验.py,,S8.3,Row-wise Hill-steepness test
code62_single_cell_same_source_statistics.py,03_细胞线3\代码与图\代码62_单细胞同源统计量判决.py,,S8.5,Same-source single-cell statistics verdict (rupture is not a population-sampling artefact)
code70_mixed_ligand_validation_arm_P1P2.py,03_细胞线3\代码与图\代码70_混合配体验证臂_P1P2判决.py,,S8.6,"Prospective mixed-ligand validation arm, P-1/P-2 verdicts"
code63_GPCR_functional_affinity_fracture.py,04_细胞线4\_归档\代码与图\代码63_GPCR功能亲和力_断裂检验.py,,S9.2,GPCR functional-affinity fracture test (D2R three-ligand)
code64_D2R_upstream_rate_ordering.py,04_细胞线4\_归档\代码与图\代码64_D2R上游速率排序检验.py,,S9.2,D2R upstream rate-ordering test
code65_AT1R_cross_arm_affinity_fracture.py,04_细胞线4\_归档\代码与图\代码65_AT1R跨臂亲和力断裂检验.py,,S9.3,AT1R cross-arm affinity-fracture test
code66_MOR_Gillis_internal_consistency.py,04_细胞线4\_归档\代码与图\代码66_MOR_Gillis内部一致性审计.py,,S9.4,muOR Gillis internal-consistency audit (GIRK-column fracture)
code67_BiasedSignalingAtlas_meta_audit.py,04_细胞线4\_归档\代码与图\代码67_BiasedSignalingAtlas元审计.py,,S9.5,Biased Signaling Atlas meta-audit
code68_D2R_kinetic_mechanism_test.py,04_细胞线4\_归档\代码与图\代码68_D2R动力学机制检验.py,,S9.2,D2R kinetic-mechanism test
code69_D2R_functional_state_cross_arm_map.py,04_细胞线4\_归档\代码与图\代码69_D2R功能态跨臂亲和力地图.py,,S9.2,D2R functional-state cross-arm affinity map
code71_Atlas_full_identity_pipeline.py,04_细胞线4\_归档\代码与图\代码71_Atlas全库恒等式流水线.py,,S9.5,"Atlas full-corpus identity pipeline (17,987 ligand pairs)"
code72_audit_method_false_positive_selfcheck.py,04_细胞线4\_归档\代码与图\代码72_审计方法假阳性率自检.py,,S9.7,Audit-method false-positive-rate self-check
code73_robustness_triplet_blind_jackknife.py,04_细胞线4\_归档\代码与图\代码73_稳健性三联升级_盲测聚合Jackknife.py,,S9.6,Robustness triplet: blind aggregation + jackknife
code77_Atlas_constraint_projection_fracture_probability.py,04_细胞线4\_归档\代码与图\代码77_Atlas约束投影与断裂概率_BpC.py,,S9.8,Atlas constraint projection and fracture probability (repair layer)
code80_Gillis_arm_coordinate_extended_model.py,04_细胞线4\_归档\代码与图\代码80_Gillis测定臂坐标扩展模型.py,,S9.8,Gillis measured-arm coordinate-extended model (muOR repair)
make_fig1.py,05_主线纲领与设计\论文_细胞通讯审计_2026-09-23\figures_svg\make_fig1.py,,Main Fig. 1,Generator for main-text Figure 1
make_fig2.py,05_主线纲领与设计\论文_细胞通讯审计_2026-09-23\figures_svg\make_fig2.py,,Main Fig. 2,Generator for main-text Figure 2
make_fig3.py,05_主线纲领与设计\论文_细胞通讯审计_2026-09-23\figures_svg\make_fig3.py,,Main Fig. 3,Generator for main-text Figure 3
make_fig4.py,05_主线纲领与设计\论文_细胞通讯审计_2026-09-23\figures_svg\make_fig4.py,,Main Fig. 4,Generator for main-text Figure 4
make_fig5.py,05_主线纲领与设计\论文_细胞通讯审计_2026-09-23\figures_svg\make_fig5.py,,Main Fig. 5,Generator for main-text Figure 5
make_fig6.py,05_主线纲领与设计\论文_细胞通讯审计_2026-09-23\figures_svg\make_fig6.py,,Main Fig. 6,Generator for main-text Figure 6
draw_ed_figures.py,05_主线纲领与设计\论文_细胞通讯审计_2026-09-23\figures_svg\ED\draw_ed_figures.py,,S12,Extended Data figure driver
ed_scripts/chemo54_rerun.json,05_主线纲领与设计\论文_细胞通讯审计_2026-09-23\figures_svg\ED\scripts\chemo54_rerun.json,,S12,code-54 rerun data cache consumed by edfig10.py
ed_scripts/chemo54_rerun.py,05_主线纲领与设计\论文_细胞通讯审计_2026-09-23\figures_svg\ED\scripts\chemo54_rerun.py,,S12,ED figure panel script
ed_scripts/edfig10.py,05_主线纲领与设计\论文_细胞通讯审计_2026-09-23\figures_svg\ED\scripts\edfig10.py,,S12,ED figure panel script
ed_scripts/edfig11.py,05_主线纲领与设计\论文_细胞通讯审计_2026-09-23\figures_svg\ED\scripts\edfig11.py,,S12,ED figure panel script
ed_scripts/edfig12.py,05_主线纲领与设计\论文_细胞通讯审计_2026-09-23\figures_svg\ED\scripts\edfig12.py,,S12,ED figure panel script
ed_scripts/edfig2.py,05_主线纲领与设计\论文_细胞通讯审计_2026-09-23\figures_svg\ED\scripts\edfig2.py,,S12,ED figure panel script
ed_scripts/edfig3.py,05_主线纲领与设计\论文_细胞通讯审计_2026-09-23\figures_svg\ED\scripts\edfig3.py,,S12,ED figure panel script
ed_scripts/edfig4.py,05_主线纲领与设计\论文_细胞通讯审计_2026-09-23\figures_svg\ED\scripts\edfig4.py,,S12,ED figure panel script
ed_scripts/edfig5.py,05_主线纲领与设计\论文_细胞通讯审计_2026-09-23\figures_svg\ED\scripts\edfig5.py,,S12,ED figure panel script
ed_scripts/edfig6.py,05_主线纲领与设计\论文_细胞通讯审计_2026-09-23\figures_svg\ED\scripts\edfig6.py,,S12,ED figure panel script
ed_scripts/edfig6_digital_limit.py,05_主线纲领与设计\论文_细胞通讯审计_2026-09-23\figures_svg\ED\scripts\edfig6_digital_limit.py,,S12,ED figure panel script
ed_scripts/edfig7.py,05_主线纲领与设计\论文_细胞通讯审计_2026-09-23\figures_svg\ED\scripts\edfig7.py,,S12,ED figure panel script
ed_scripts/edfig8.py,05_主线纲领与设计\论文_细胞通讯审计_2026-09-23\figures_svg\ED\scripts\edfig8.py,,S12,ED figure panel script
ed_scripts/edfig9.py,05_主线纲领与设计\论文_细胞通讯审计_2026-09-23\figures_svg\ED\scripts\edfig9.py,,S12,ED figure panel script
ed_scripts/edstyle.py,05_主线纲领与设计\论文_细胞通讯审计_2026-09-23\figures_svg\ED\scripts\edstyle.py,,S12,ED figure panel script
code82_p53_mechanism_model_audit.py,03_细胞线3\代码与图\代码82_p53机制模型审计.py,,S13.3,Mechanism-level audit stack on the 23-parameter p53 circuit (M1-M6)
code83_why_digital_variational_competition.py,03_细胞线3\代码与图\代码83_为什么数字化_变分竞赛.py,,S13.3 M7,Route ledger: variational competition analysis
code84_discovery_cascade_model.py,03_细胞线3\代码与图\代码84_发现式链路模型.py,,S13.3 M7,Hazard-rate trigger arm (falsified by C1)
code85_heterogeneity_recheck.py,03_细胞线3\代码与图\代码85_异质性复核.py,,S13.3 M7,ATM gain heterogeneity anchored by foci Fano factor
code86_foci_persistence_trigger.py,03_细胞线3\代码与图\代码86_焦点持续触发.py,,S13.3 M7,Dispersion-ratio comparison (retracted same day; audit-trail case)
code87_clock_dose_independent_architecture.py,03_细胞线3\代码与图\代码87_时钟剂量无关架构.py,,S13.3 M7,"C1-consistent architecture, dose-independent clock"
code88_foci_termination_channel.py,03_细胞线3\代码与图\代码88_焦点终止通道.py,,S13.3 M7,Persistence-termination channel (C1-C4 simultaneous)
code89_p53_molecular_constant_decomposition.py,03_细胞线3\代码与图\代码89_p53分子层常数分解.py,,S14.2,"Jacobian eigenvalue period, phase shares, K3/K4 closures"
code90_p53_full_cascade_consistency_audit.py,03_细胞线3\代码与图\代码90_p53全链路一致性审计.py,,S14.3,Fourteen-loop cascade audit and t1 budget
code91_K2_pulse_width_decomposition.py,03_细胞线3\代码与图\代码91_K2脉冲宽度分解.py,,S14.2,FWHM decomposition: plateau + Mdm2-recovery tail
code92_belgacem_closedform_crossvalidation.py,03_细胞线3\代码与图\代码92_Belgacem闭式交叉核验.py,,S14.4,Closed-form cross-validation of logistic-substitution DDE core
code93_tcs_logistic_correspondence.py,03_细胞线3\代码与图\代码93_TCS_logistic结构对应验证.py,,S14.6,"Scale-invariance framework x logistic substitution, three checks"
