B_uM,F_uM,fold_r,T_uM,log10r,log10T,n_cells,R_a,R_A
0.01,0.2,21.0000,0.21000000000000002,1.3222,-0.6778,101,0.065453,0.020920
0.01,0.5,51.0000,0.51,1.7076,-0.2924,101,0.115784,0.045180
0.01,1.09,110.0000,1.1,2.0414,0.0414,101,0.251363,0.094146
0.01,2.09,210.0000,2.0999999999999996,2.3222,0.3222,101,0.378066,0.129516
0.01,4.09,410.0000,4.1,2.6128,0.6128,101,0.435755,0.155856
0.1,0.2,3.0000,0.30000000000000004,0.4771,-0.5229,57,0.071818,0.022476
0.1,0.5,6.0000,0.6,0.7782,-0.2218,57,0.122127,0.043835
0.1,1.0,11.0000,1.1,1.0414,0.0414,57,0.244216,0.080672
0.1,2.0,21.0000,2.1,1.3222,0.3222,57,0.395011,0.131304
0.1,4.0,41.0000,4.1,1.6128,0.6128,57,0.449904,0.145763
0.3,0.2,1.6667,0.5,0.2218,-0.3010,41,0.046280,0.013323
0.3,0.5,2.6667,0.8,0.4260,-0.0969,70,0.104308,0.034716
0.3,1.0,4.3333,1.3,0.6368,0.1139,70,0.235224,0.078667
0.3,2.0,7.6667,2.3,0.8846,0.3617,70,0.372887,0.123772
0.3,4.0,14.3333,4.3,1.1563,0.6335,70,0.454538,0.144975
1.0,0.2,1.2000,1.2,0.0792,0.0792,65,0.096603,0.044538
1.0,0.5,1.5000,1.5,0.1761,0.1761,65,0.115820,0.049679
1.0,1.0,2.0000,2.0,0.3010,0.3010,65,0.221942,0.092920
1.0,2.0,3.0000,3.0,0.4771,0.4771,65,0.366912,0.146476
1.0,4.0,5.0000,5.0,0.6990,0.6990,65,0.425420,0.164798
10.0,0.5,1.0500,10.5,0.0212,1.0212,102,0.091171,0.032672
10.0,1.0,1.1000,11.0,0.0414,1.0414,102,0.157863,0.056746
10.0,2.0,1.2000,12.0,0.0792,1.0792,102,0.298956,0.109577
10.0,4.0,1.4000,14.0,0.1461,1.1461,102,0.425289,0.161022
10.0,8.0,1.8000,18.0,0.2553,1.2553,102,0.479678,0.179708
100.0,2.0,1.0200,102.0,0.0086,2.0086,232,0.132255,0.043994
100.0,5.0,1.0500,105.0,0.0212,2.0212,239,0.193580,0.062963
100.0,10.0,1.1000,110.0,0.0414,2.0414,239,0.279038,0.089859
100.0,20.0,1.2000,120.0,0.0792,2.0792,239,0.370119,0.118040
100.0,40.0,1.4000,140.0,0.1461,2.1461,239,0.424118,0.140708
